DEPTH,CALI,DT,NPHI,PHIE,RHOB,SW,litho,VCLC,VDOL,VOL_SHALE,VSAN .V/V
2580.7416,5.7001,52.4181,0.0803,0.0622,2.9844,1.0,0,0.0,0.0334,0.0,0.425
2580.894,5.7442,51.0048,0.0365,0.0388,2.9814,1.0,0,0.0,0.0013,0.0,0.425
2581.0464,5.6378,52.3359,0.0164,0.0281,2.977,1.0,0,0.0,0.0,0.0,0.425
2581.1988,5.5114,53.6957,0.0149,0.0281,2.9693,1.0,0,0.0,0.0,0.0,0.425
2581.3512,5.6852,54.0347,0.0133,0.0274,2.9616,0.961,0,0.0,0.0,0.0,0.425
2581.5036,5.7744,54.2085,0.0118,0.0286,2.9542,0.695,0,0.0,0.0,0.0,0.425
2581.656,5.776,54.478,0.0103,0.0285,2.9565,0.6766,0,0.0,0.0,0.0,0.425
2581.8084,5.8593,54.4835,0.0111,0.0283,2.9589,0.6702,0,0.0,0.0,0.0,0.425
2581.9608,5.8619,54.3282,0.0126,0.0279,2.9613,0.6685,0,0.0,0.0,0.0,0.425
2582.1132,5.7924,53.6412,0.0142,0.0268,2.9615,0.6751,0,0.0,0.0,0.0,0.425
2582.2656,5.8374,53.3324,0.0157,0.0268,2.961,0.6533,0,0.0,0.0,0.0,0.425
2582.418,5.7687,53.9002,0.0172,0.0288,2.9605,0.5894,0,0.0,0.0,0.0,0.425
2582.5704,5.9025,53.7586,0.0179,0.0291,2.9589,0.5665,0,0.0,0.0,0.0,0.425
2582.7228,5.8718,53.8099,0.0179,0.0298,2.9562,0.5416,0,0.0,0.0,0.0,0.425
2582.8752,5.9022,53.879,0.0179,0.0306,2.9535,0.5176,0,0.0,0.0,0.0,0.425
2583.0276,5.8342,54.3936,0.0179,0.0322,2.9518,0.4821,0,0.0,0.0,0.0,0.425
2583.18,5.8646,54.2588,0.0179,0.0315,2.9547,0.4799,0,0.0,0.0,0.0,0.425
2583.3324,5.8798,53.939,0.0179,0.0302,2.9575,0.4857,0,0.0,0.0,0.0,0.425
2583.4848,5.8804,53.6778,0.018,0.0291,2.9604,0.489,0,0.0,0.0,0.0,0.425
2583.6372,5.9473,53.732,0.02,0.0314,2.9523,0.5271,0,0.0,0.0,0.0,0.425
2583.7896,5.9452,54.1063,0.022,0.0349,2.943,0.541,0,0.0,0.0,0.0,0.425
2583.942,5.893,54.3292,0.0241,0.0377,2.9337,0.5544,0,0.0,0.001,0.0,0.425
2584.0944,6.0111,54.0963,0.029,0.0438,2.8961,0.6344,0,0.0,0.1185,0.0,0.425
2584.2468,5.999,53.8564,0.0503,0.0553,2.8412,0.6369,0,0.0002,0.3937,0.0002,0.425
2584.3992,6.1186,53.6168,0.0716,0.0618,2.7862,0.6455,1,0.0091,0.6848,0.0096,0.425
2584.5516,6.1695,53.3766,0.0897,0.03,2.751,0.9835,1,0.1224,0.712,0.1068,0.425
2584.704,6.1696,53.1367,0.1049,0.0271,2.7547,1.0,1,0.0063,0.799,0.1429,0.425
2584.8564,6.1855,52.8968,0.1201,0.0292,2.7584,1.0,1,0.0,0.7912,0.1532,0.425
2585.0088,6.2181,52.6569,0.1119,0.0354,2.7651,1.0,1,0.0,0.8158,0.1261,0.425
2585.1612,6.2171,52.417,0.1021,0.0443,2.8228,0.9992,1,0.0,0.8402,0.0542,0.425
2585.3136,6.1745,52.1771,0.0924,0.0496,2.8805,0.8541,1,0.0,0.6183,0.0076,0.425
2585.466,5.9513,52.0096,0.0826,0.0427,2.9381,0.5863,0,0.0,0.4005,0.0003,0.425
2585.6184,6.0123,54.4248,0.0729,0.0498,2.9409,0.3429,0,0.0,0.1587,0.0,0.425
2585.7708,6.0085,56.1577,0.0631,0.0562,2.9279,0.2753,0,0.0,0.014,0.0,0.425
2585.9232,5.9383,57.3606,0.0523,0.0582,2.9149,0.2379,0,0.0,0.0003,0.0,0.425
2586.0756,5.9524,57.6984,0.0401,0.0548,2.9147,0.2335,0,0.0,0.0,0.0,0.425
2586.228,5.9501,57.414,0.0279,0.0473,2.9274,0.2649,0,0.0,0.0,0.0,0.425
2586.3804,5.9484,54.4814,0.0241,0.0367,2.94,0.3325,0,0.0,0.0,0.0,0.425
2586.5328,5.9447,54.5236,0.0221,0.0341,2.9492,0.3511,0,0.0,0.0,0.0,0.425
2586.6852,5.8742,54.6968,0.0201,0.0346,2.9456,0.3444,0,0.0,0.0,0.0,0.425
2586.8376,5.8706,55.2336,0.018,0.036,2.9419,0.3296,0,0.0,0.0,0.0,0.425
2586.99,5.9039,55.7409,0.0207,0.0389,2.9382,0.3046,0,0.0,0.0,0.0,0.425
2587.1424,5.9198,55.0314,0.0237,0.0378,2.9413,0.3123,0,0.0,0.0,0.0,0.425
2587.2948,5.8832,54.3486,0.0268,0.0366,2.9448,0.3217,0,0.0,0.0,0.0,0.425
2587.4472,5.8994,54.3411,0.0298,0.037,2.9483,0.3184,0,0.0,0.0,0.0,0.425
2587.5996,5.9501,54.5567,0.0329,0.0384,2.9493,0.3086,0,0.0,0.0,0.0,0.425
2587.752,5.9221,54.4505,0.0294,0.037,2.949,0.3208,0,0.0,0.0,0.0,0.425
2587.9044,5.6289,54.2537,0.0233,0.0345,2.9488,0.3439,0,0.0,0.0,0.0,0.425
2588.0568,5.6027,54.6183,0.0182,0.0338,2.9483,0.3538,0,0.0,0.0,0.0,0.425
2588.2092,5.6615,54.6822,0.0212,0.0351,2.9476,0.3465,0,0.0,0.0,0.0,0.425
2588.3616,5.4225,54.689,0.0243,0.0363,2.9469,0.3408,0,0.0,0.0,0.0,0.425
2588.514,5.6543,54.8142,0.0273,0.0382,2.9442,0.4199,0,0.0,0.0,0.0,0.425
2588.6664,5.4413,55.5259,0.0304,0.0448,2.9229,0.6728,0,0.0,0.0,0.0,0.425
2588.8188,5.5541,58.7004,0.0334,0.0572,2.9016,0.6926,0,0.0,0.0,0.0,0.425
2588.9712,5.4686,59.8891,0.0328,0.0635,2.8803,0.7323,0,0.0,0.0,0.0,0.425
2589.1236,5.5524,60.3179,0.0318,0.0667,2.8629,0.743,0,0.0,0.0,0.0006,0.425
2589.276,5.7078,64.1856,0.0308,0.0611,2.8463,0.749,0,0.0,0.0,0.0445,0.425
2589.4284,5.6917,64.2865,0.0298,0.0529,2.8298,0.8272,0,0.0,0.0,0.073,0.425
2589.5808,5.6714,64.7035,0.0288,0.0659,2.8278,0.7122,0,0.0,0.0,0.043,0.425
2589.7332,5.6634,63.7029,0.0278,0.0782,2.8387,0.6184,0,0.0,0.0,0.0017,0.425
2589.8856,5.4635,61.3824,0.0267,0.0718,2.8497,0.6008,0,0.0,0.0,0.0,0.425
2590.038,5.6978,61.7544,0.026,0.072,2.854,0.5371,0,0.0,0.0,0.0,0.425
2590.1904,5.6086,64.1285,0.0285,0.0815,2.8384,0.4752,0,0.0,0.0,0.0,0.425
2590.3428,5.4829,63.4275,0.0309,0.0838,2.8227,0.4606,0,0.0,0.0,0.0,0.425
2590.4952,5.4499,65.5916,0.0333,0.0926,2.8071,0.4176,0,0.0,0.0,0.0,0.425
2590.6476,5.7151,67.3936,0.0358,0.0934,2.8282,0.3801,0,0.0,0.0,0.0,0.425
2590.8,5.5657,67.3179,0.0382,0.0896,2.8505,0.3532,0,0.0,0.0,0.0,0.425
2590.9524,5.7346,67.1758,0.0407,0.0858,2.8727,0.3152,0,0.0,0.0,0.0,0.425
2591.1048,5.627,67.0337,0.0522,0.0862,2.8907,0.2804,0,0.0,0.0,0.0,0.425
2591.2572,5.242,66.8916,0.0688,0.0884,2.9067,0.2497,0,0.0,0.0,0.0,0.425
2591.4096,5.339,66.7495,0.081,0.0897,2.9227,0.2211,0,0.0,0.0,0.0,0.425
2591.562,5.4091,66.6074,0.0932,0.0994,2.8949,0.2603,0,0.0,0.0,0.0,0.425
2591.7144,5.3816,66.4653,0.0862,0.1136,2.8031,0.3251,0,0.0,0.0,0.0,0.425
2591.8668,5.7033,66.3232,0.0918,0.1196,2.7113,0.3554,0,0.1148,0.0,0.0181,0.425
2592.0192,5.7468,66.1813,0.1095,0.1073,2.6288,0.3912,2,0.4171,0.0,0.0616,0.425
2592.1716,5.7628,66.1823,0.1237,0.1132,2.6105,0.3728,2,0.4144,0.0916,0.0662,0.425
2592.324,5.7613,70.5984,0.1555,0.1518,2.5922,0.2943,2,0.201,0.1618,0.0586,0.425
2592.4764,5.7587,70.6006,0.1715,0.1742,2.5739,0.2808,2,0.0882,0.3646,0.0322,0.425
2592.6288,5.7222,69.9562,0.1766,0.1793,2.5781,0.2823,1,0.0044,0.501,0.0227,0.425
2592.7812,5.7189,69.058,0.1766,0.1798,2.5864,0.2919,1,0.0,0.5358,0.0115,0.425
2592.9336,5.7348,69.574,0.1766,0.1791,2.5947,0.2924,2,0.0,0.4799,0.0147,0.425
2593.086,5.7511,67.5925,0.1755,0.168,2.6008,0.3078,1,0.0,0.6167,0.0195,0.425
2593.2384,5.7668,65.4879,0.1735,0.1604,2.6051,0.3256,1,0.0,0.7519,0.015,0.425
2593.3908,5.729,64.6405,0.1714,0.1563,2.6095,0.335,1,0.0,0.795,0.0141,0.425
2593.5432,5.6881,66.3118,0.1694,0.1588,2.6155,0.3235,1,0.0,0.6503,0.0198,0.425
2593.6956,5.4827,66.2019,0.1674,0.1541,2.6257,0.3211,1,0.0,0.6256,0.0255,0.425
2593.848,5.7321,63.8821,0.1653,0.1406,2.6358,0.3366,1,0.0,0.771,0.0311,0.425
2594.0004,5.757,63.5411,0.1633,0.1343,2.646,0.3364,1,0.0,0.7724,0.0379,0.425
2594.1528,5.755,63.0542,0.1613,0.1328,2.6388,0.3379,1,0.0,0.819,0.038,0.425
2594.3052,5.753,64.2233,0.1562,0.1379,2.6317,0.3266,1,0.0004,0.7263,0.0357,0.425
2594.4576,5.7513,64.38,0.1528,0.1392,2.6245,0.3246,1,0.0232,0.6896,0.0331,0.425
2594.61,5.7493,65.468,0.1528,0.1465,2.6269,0.3094,1,0.0036,0.6115,0.0264,0.425
2594.7624,5.7473,65.2953,0.1528,0.1398,2.6329,0.3033,1,0.0001,0.6265,0.0388,0.425
2594.9148,5.7449,64.6012,0.1528,0.1336,2.639,0.3015,1,0.0,0.6699,0.045,0.425
2595.0672,5.7429,63.8377,0.1528,0.124,2.6443,0.3067,1,0.0,0.7318,0.0586,0.425
2595.2196,5.7408,62.7651,0.1612,0.1225,2.6486,0.3183,1,0.0,0.8081,0.057,0.425
2595.372,5.7391,61.9998,0.1633,0.1142,2.653,0.3292,1,0.0,0.8005,0.0728,0.425
2595.5244,5.7371,62.6659,0.1653,0.1098,2.6545,0.3585,1,0.0,0.7848,0.0899,0.425
2595.6768,5.7347,63.6486,0.1673,0.1098,2.6416,0.4471,1,0.0,0.7676,0.1045,0.425
2595.8292,5.733,65.1002,0.1697,0.1131,2.6287,0.3008,1,0.0004,0.7521,0.1146,0.425
2595.9816,5.7308,66.2458,0.1727,0.1158,2.6158,0.3394,1,0.022,0.7184,0.1226,0.425
2596.134,5.7119,66.2286,0.1758,0.1179,2.614,0.297,1,0.0027,0.7353,0.1229,0.425
2596.2864,5.7261,66.811,0.1788,0.1238,2.6138,0.2386,1,0.0001,0.7417,0.1146,0.425
2596.4388,5.7247,65.5818,0.1819,0.1324,2.6136,0.1948,1,0.0,0.7649,0.0875,0.425
2596.5912,5.74,66.2547,0.1839,0.1358,2.6162,0.3369,1,0.0,0.7662,0.0833,0.425
2596.7436,5.7379,66.2829,0.1778,0.1336,2.6206,0.3204,1,0.0,0.748,0.0828,0.425
2596.896,5.7365,66.4694,0.1717,0.1385,2.6251,0.2911,1,0.0,0.6774,0.0676,0.425
2597.0484,5.7349,65.0778,0.164,0.143,2.628,0.2851,1,0.0,0.7049,0.0384,0.425
2597.2008,5.7328,64.6688,0.1549,0.1414,2.6278,0.2897,1,0.0002,0.6897,0.0326,0.425
2597.3532,5.7327,64.8847,0.1457,0.1414,2.6275,0.2951,1,0.0628,0.5583,0.0238,0.425
2597.5056,5.7308,65.0787,0.1463,0.1479,2.6277,0.2922,1,0.0372,0.5574,0.0122,0.425
2597.658,5.729,64.241,0.1478,0.1459,2.6392,0.3133,1,0.0013,0.6304,0.0092,0.425
2597.8104,5.7438,62.8639,0.1493,0.1413,2.6507,0.3424,1,0.0,0.7051,0.0046,0.425
2597.9628,5.7427,62.1974,0.1508,0.1306,2.6622,0.3673,1,0.0,0.7505,0.0206,0.425
2598.1152,5.7583,61.9818,0.1524,0.1247,2.6634,0.3599,1,0.0,0.7865,0.0329,0.425
2598.2676,5.7567,61.9874,0.1514,0.1196,2.6614,0.3412,1,0.0041,0.7943,0.0443,0.425
2598.42,5.7547,62.202,0.1162,0.104,2.6593,0.3629,2,0.2241,0.4043,0.0447,0.425
2598.5724,5.7532,62.5311,0.1075,0.0915,2.6586,0.3591,2,0.3301,0.2578,0.0637,0.425
2598.7248,5.769,62.8496,0.1319,0.0998,2.6593,0.3001,1,0.1321,0.5571,0.0772,0.425
2598.8772,5.8016,62.6502,0.1563,0.1089,2.6601,0.2596,1,0.0043,0.7883,0.0806,0.425
2599.0296,5.7813,62.3309,0.1687,0.1154,2.6617,0.2454,1,0.0,0.8003,0.0719,0.425
2599.182,5.7263,62.0143,0.1687,0.1136,2.6669,0.2448,1,0.0,0.8016,0.0724,0.425
2599.3344,5.6377,61.899,0.1687,0.1175,2.6721,0.249,1,0.0,0.8133,0.059,0.425
2599.4868,5.6845,61.5638,0.1687,0.1175,2.6773,0.2515,1,0.0,0.8193,0.0539,0.425
2599.6392,5.7009,60.56,0.1682,0.1119,2.6783,0.2617,1,0.0,0.8166,0.061,0.425
2599.7916,5.7,61.9113,0.1673,0.1095,2.6788,0.2582,1,0.0,0.8029,0.0746,0.425
2599.944,5.698,61.5361,0.1664,0.1045,2.6794,0.266,1,0.0,0.7972,0.0838,0.425
2600.0964,5.6963,60.8017,0.1656,0.0994,2.6818,0.2767,1,0.0,0.7951,0.09,0.425
2600.2488,5.6943,60.8316,0.1647,0.1035,2.6853,0.2874,1,0.0,0.8061,0.0771,0.425
2600.4012,5.6927,60.4688,0.1638,0.1007,2.6887,0.297,1,0.0,0.8064,0.0793,0.425
2600.5536,5.7603,59.9293,0.163,0.1028,2.6844,0.344,1,0.0,0.813,0.0718,0.425
2600.706,5.7603,61.2532,0.1621,0.1115,2.6656,0.4046,1,0.0,0.8099,0.067,0.425
2600.8584,5.7581,63.3496,0.1612,0.121,2.6468,0.4388,1,0.0,0.8019,0.0657,0.425
2601.0108,5.7763,64.9208,0.1608,0.1334,2.6284,0.4523,1,0.0005,0.725,0.057,0.425
2601.1632,5.8424,66.0813,0.1608,0.1369,2.616,0.4375,1,0.035,0.6396,0.0611,0.425
2601.3156,5.79,67.2445,0.1608,0.1347,2.6035,0.4285,1,0.1134,0.5215,0.0749,0.425
2601.468,5.7852,66.7132,0.165,0.1373,2.5911,0.4227,1,0.1195,0.6022,0.0706,0.425
2601.6204,5.7486,68.4224,0.1699,0.1438,2.5903,0.3865,1,0.09,0.538,0.076,0.425
2601.7728,5.7115,68.1154,0.1747,0.1377,2.5925,0.3688,1,0.0601,0.6241,0.0929,0.425
2601.9252,5.708,67.8527,0.1796,0.1361,2.5948,0.3472,1,0.0148,0.7162,0.1003,0.425
2602.0776,5.706,67.7991,0.1845,0.1358,2.5992,0.339,1,0.0004,0.742,0.1035,0.425
2602.23,5.7049,67.9698,0.1894,0.1303,2.6057,0.3433,1,0.0,0.7295,0.1195,0.425
2602.3824,5.7202,66.7307,0.1895,0.1162,2.6122,0.3632,1,0.0,0.7151,0.1439,0.425
2602.5348,5.7358,65.9665,0.1809,0.107,2.6193,0.3806,1,0.0,0.716,0.1509,0.425
2602.6872,5.7342,65.2392,0.1724,0.1024,2.6284,0.3645,1,0.0081,0.7196,0.1449,0.425
2602.8396,5.75,65.4286,0.1639,0.0995,2.6376,0.3358,1,0.0303,0.7072,0.139,0.425
2602.992,5.7654,63.8301,0.1553,0.1025,2.6467,0.3128,1,0.019,0.7503,0.1093,0.425
2603.1444,5.764,62.8382,0.1468,0.0939,2.6629,0.3091,1,0.0231,0.7555,0.1086,0.425
2603.2968,5.7622,61.9541,0.1383,0.0862,2.6794,0.2918,1,0.0243,0.7465,0.1067,0.425
2603.4492,5.7777,60.0041,0.0905,0.0622,2.6959,0.408,2,0.3594,0.2576,0.0827,0.425
2603.6016,5.776,59.0331,0.0622,0.056,2.7131,0.4736,2,0.4849,0.0106,0.0536,0.425
2603.754,5.7387,56.6199,0.0561,0.0567,2.7306,0.5035,2,0.4336,0.1189,0.0243,0.425
2603.9064,5.7196,54.459,0.0501,0.0565,2.7481,0.5247,2,0.3673,0.2474,0.0012,0.425
2604.0588,5.7516,54.6041,0.0554,0.0611,2.7572,0.4675,2,0.2734,0.3292,0.0,0.425
2604.2112,5.7677,54.8455,0.0614,0.0663,2.753,0.4277,2,0.2275,0.3919,0.0,0.425
2604.3636,5.7823,55.6801,0.0675,0.0728,2.7488,0.3872,2,0.1919,0.4066,0.0,0.425
2604.516,5.7115,55.6481,0.0754,0.0773,2.7436,0.3654,1,0.14,0.5179,0.0,0.425
2604.6684,5.7265,55.44,0.1175,0.0929,2.7295,0.3214,1,0.0072,0.8827,0.003,0.425
2604.8208,5.76,55.2817,0.191,0.1053,2.7154,0.2518,1,0.0,0.8464,0.0412,0.425
2604.9732,5.8092,55.5961,0.2084,0.1023,2.7013,0.0729,1,0.0,0.8102,0.0746,0.425
2605.1256,5.7743,59.1722,0.2084,0.0977,2.6798,0.0401,1,0.0,0.7594,0.1218,0.425
2605.278,5.7549,60.4113,0.2084,0.0949,2.6568,0.0362,1,0.0,0.7296,0.1496,0.425
2605.4304,5.8341,63.6535,0.2084,0.0985,2.6337,0.0304,1,0.0,0.6977,0.1738,0.425
2605.5828,5.7338,65.4174,0.2084,0.1017,2.6227,0.0501,1,0.0,0.6836,0.1831,0.425
2605.7352,5.7505,65.0484,0.2084,0.1132,2.6219,0.2943,1,0.0,0.7082,0.1524,0.425
2605.8876,5.9017,65.5091,0.2084,0.1285,2.621,0.3323,1,0.0,0.7346,0.1168,0.425
2606.04,5.8702,65.6881,0.2084,0.1383,2.6227,0.347,1,0.0,0.7538,0.0921,0.425
2606.1924,5.829,65.2922,0.1896,0.1379,2.6315,0.3523,1,0.0,0.7807,0.0689,0.425
2606.3448,5.7417,64.1867,0.1629,0.1328,2.6403,0.3636,1,0.0001,0.7481,0.0495,0.425
2606.4972,5.7192,63.3235,0.1446,0.1251,2.649,0.3671,1,0.0087,0.6934,0.0439,0.425
2606.6496,5.6816,62.9894,0.1264,0.1201,2.6541,0.3799,2,0.1316,0.4775,0.0292,0.425
2606.802,5.6444,62.564,0.1081,0.113,2.6592,0.396,2,0.2645,0.2618,0.0181,0.425
2606.9544,5.6761,62.2411,0.0898,0.0961,2.6642,0.4231,2,0.4311,0.0293,0.0282,0.425
2607.1068,5.6759,61.9,0.0715,0.0799,2.6689,0.4601,4,0.5019,0.0011,0.0394,0.425
2607.2592,5.6914,60.8962,0.0532,0.0634,2.6736,0.5281,4,0.5764,0.0,0.0458,0.425
2607.4116,5.6894,60.3303,0.0506,0.0528,2.6782,0.5538,4,0.6068,0.0,0.0602,0.425
2607.564,5.6871,60.6782,0.0518,0.0489,2.6764,0.5396,4,0.6165,0.0,0.0725,0.425
2607.7164,5.685,60.894,0.053,0.0471,2.6656,0.5427,4,0.6528,0.0,0.0796,0.425
2607.8688,5.683,60.6363,0.0543,0.0461,2.6549,0.5545,4,0.6981,0.0,0.0811,0.425
2608.0212,5.6813,63.5339,0.0555,0.0596,2.6471,0.4409,4,0.618,0.0,0.0797,0.425
2608.1736,5.6793,62.3647,0.0567,0.0705,2.6579,0.4249,4,0.574,0.0,0.0482,0.425
2608.326,5.6776,60.3324,0.0647,0.0741,2.6687,0.4263,4,0.5609,0.0039,0.0311,0.425
2608.4784,5.6758,60.1716,0.0891,0.0919,2.6796,0.3579,2,0.3502,0.2169,0.0192,0.425
2608.6308,5.7092,60.7556,0.1014,0.1071,2.6718,0.3555,2,0.2514,0.3356,0.0079,0.425
2608.7832,5.7426,63.9738,0.1136,0.1245,2.661,0.3333,2,0.1973,0.239,0.0119,0.425
2608.9356,5.7416,64.14,0.1258,0.1277,2.6503,0.3401,2,0.146,0.372,0.0219,0.425
2609.088,5.7399,63.5313,0.1385,0.1275,2.648,0.3652,1,0.0495,0.5985,0.0332,0.425
2609.2404,5.7552,61.895,0.1568,0.1226,2.652,0.4067,1,0.0017,0.8156,0.0456,0.425
2609.3928,5.7516,62.4143,0.1623,0.1154,2.6559,0.4419,1,0.0,0.8025,0.07,0.425
2609.5452,5.7492,62.4629,0.1644,0.1109,2.6568,0.4617,1,0.0,0.7914,0.0833,0.425
2609.6976,5.7475,61.4811,0.1664,0.1119,2.6504,0.368,1,0.0,0.7953,0.0792,0.425
2609.85,5.7455,61.9579,0.1684,0.1084,2.6439,0.2068,1,0.0,0.7787,0.0963,0.425
2610.0024,5.7425,64.2093,0.1608,0.1116,2.6374,0.1802,1,0.0005,0.7702,0.1002,0.425
2610.1548,5.7413,64.9053,0.1608,0.1251,2.6216,0.4042,1,0.0287,0.7397,0.0764,0.425
2610.3072,5.7743,66.078,0.1613,0.143,2.6059,0.4142,1,0.0533,0.6369,0.0491,0.425
2610.4596,5.7731,68.5917,0.1633,0.1538,2.5902,0.41,2,0.1099,0.4426,0.0485,0.425
2610.612,5.7714,68.6205,0.1654,0.1521,2.6002,0.4248,2,0.0555,0.4794,0.0555,0.425
2610.7644,5.7686,67.4346,0.1674,0.1422,2.6196,0.4577,1,0.0026,0.5959,0.0666,0.425
2610.9168,5.7308,64.6272,0.1653,0.1256,2.639,0.5248,1,0.0,0.754,0.0721,0.425
2611.0692,5.6786,63.2335,0.1562,0.119,2.651,0.5754,1,0.0,0.7827,0.0648,0.425
2611.2216,5.7265,61.5265,0.147,0.1172,2.6542,0.6173,1,0.0,0.8267,0.0469,0.425
2611.374,5.7248,61.1741,0.1418,0.1207,2.6574,0.6314,1,0.0,0.816,0.0302,0.425
2611.5264,5.7231,62.2707,0.1377,0.1341,2.662,0.5993,1,0.0,0.6721,0.0039,0.425
2611.6788,5.7211,59.6422,0.1336,0.1222,2.6735,0.6172,1,0.0,0.8136,0.0024,0.425
2611.8312,5.7187,59.8368,0.1296,0.1152,2.685,0.5921,1,0.0,0.7664,0.0134,0.425
2611.9836,5.7164,59.8863,0.1255,0.1079,2.6965,0.5604,1,0.0,0.7262,0.0247,0.425
2612.136,5.6803,59.2276,0.1215,0.1004,2.6978,0.5632,1,0.0,0.7637,0.0332,0.425
2612.2884,5.7115,59.8528,0.1174,0.0967,2.6978,0.5498,1,0.0344,0.6749,0.042,0.425
2612.4408,5.7108,58.8411,0.1134,0.0915,2.6979,0.5576,1,0.0647,0.6984,0.0407,0.425
2612.5932,5.7439,59.3332,0.1208,0.0984,2.6974,0.5541,1,0.0027,0.7583,0.0385,0.425
2612.7456,5.743,60.2876,0.129,0.0916,2.6965,0.6085,1,0.0,0.7639,0.0689,0.425
2612.898,5.741,60.7802,0.1371,0.0888,2.6956,0.6581,1,0.0,0.7862,0.0852,0.425
2613.0504,5.7379,59.5657,0.1453,0.0919,2.6926,0.6777,1,0.0,0.8166,0.0771,0.425
2613.2028,5.7359,58.6241,0.1544,0.1019,2.6853,0.6353,1,0.0,0.8313,0.0569,0.425
2613.3552,5.7353,60.1993,0.1636,0.1146,2.6781,0.574,1,0.0,0.8304,0.0469,0.425
2613.5076,5.75,61.4604,0.1678,0.1248,2.6716,0.5347,1,0.0,0.831,0.0363,0.425
2613.66,5.7485,62.6628,0.1658,0.1313,2.6787,0.5093,1,0.0,0.7462,0.0265,0.425
2613.8124,5.6634,60.5096,0.1637,0.1313,2.6858,0.5215,1,0.0,0.8473,0.004,0.425
2613.9648,5.6792,61.8807,0.1617,0.1346,2.6929,0.4989,1,0.0,0.7191,0.0042,0.425
2614.1172,5.6704,59.6362,0.1416,0.123,2.6905,0.5455,1,0.0,0.8005,0.0002,0.425
2614.2696,5.6872,59.8477,0.1355,0.1226,2.6853,0.5484,1,0.0,0.7741,0.0,0.425
2614.422,5.7734,59.464,0.1295,0.1203,2.6801,0.5595,1,0.0,0.7889,0.0001,0.425
2614.5744,5.7728,60.8866,0.129,0.1211,2.6788,0.555,1,0.0,0.6978,0.0111,0.425
2614.7268,5.7711,59.5316,0.129,0.1094,2.6817,0.6139,1,0.0,0.8086,0.0256,0.425
2614.8792,5.769,60.9569,0.1349,0.1025,2.6845,0.6335,1,0.0,0.7644,0.057,0.425
2615.0316,5.767,60.2558,0.1524,0.1,2.6847,0.6705,1,0.0,0.8132,0.0714,0.425
2615.184,5.7657,60.8881,0.1528,0.1033,2.6743,0.7345,1,0.0,0.8117,0.0724,0.425
2615.3364,5.8159,60.1989,0.1528,0.1077,2.664,0.7679,1,0.0,0.8195,0.0621,0.425
2615.4888,5.8294,61.4138,0.1528,0.1028,2.6537,0.5862,1,0.0018,0.7922,0.0881,0.425
2615.6412,5.7416,64.3299,0.1528,0.1014,2.6352,0.5765,1,0.0991,0.6684,0.1117,0.425
2615.7936,5.7025,65.4844,0.1528,0.1046,2.616,0.5758,1,0.1897,0.5537,0.1141,0.425
2615.946,5.7004,68.1196,0.1462,0.1108,2.5969,0.7262,2,0.3416,0.2185,0.1135,0.425
2616.0984,5.6984,68.3003,0.1381,0.1099,2.604,0.8293,2,0.3774,0.0982,0.1073,0.425
2616.2508,5.7138,68.3819,0.1299,0.1086,2.6256,0.796,2,0.3502,0.0182,0.1009,0.425
2616.4032,5.7127,64.8978,0.1219,0.0952,2.6471,0.8441,2,0.3052,0.2233,0.0917,0.425
2616.5556,5.7106,62.3573,0.1294,0.0898,2.6658,0.7874,1,0.1468,0.5666,0.0915,0.425
2616.708,5.7083,61.3014,0.1385,0.0917,2.6796,0.7198,1,0.0074,0.7917,0.0894,0.425
2616.8604,5.7062,60.4818,0.1464,0.0978,2.6933,0.6192,1,0.0,0.8218,0.0686,0.425
2617.0128,5.7045,58.8151,0.1512,0.1084,2.7039,0.5282,1,0.0,0.8555,0.0303,0.425
2617.1652,5.7025,60.9872,0.1561,0.1303,2.6795,0.4819,1,0.0,0.8017,0.0073,0.425
2617.3176,5.7005,61.801,0.161,0.1415,2.6551,0.468,1,0.0,0.8212,0.0002,0.425
2617.47,5.6981,63.1261,0.1659,0.1517,2.6307,0.4526,1,0.0,0.8098,0.0,0.425
2617.6224,5.6959,65.206,0.1707,0.1634,2.6153,0.432,1,0.0,0.7163,0.0,0.425
2617.7748,5.675,66.2975,0.1756,0.1713,2.6022,0.4217,1,0.0,0.6869,0.0,0.425
2617.9272,5.6391,68.8433,0.1766,0.1833,2.5891,0.4038,1,0.0,0.5348,0.0,0.425
2618.0796,5.6362,68.9301,0.1766,0.1849,2.5802,0.4281,1,0.0,0.5532,0.0,0.425
2618.232,5.633,68.226,0.1766,0.171,2.5753,0.4837,1,0.0169,0.6348,0.0265,0.425
2618.3844,5.6329,70.7608,0.1766,0.1615,2.5704,0.5161,2,0.1046,0.4167,0.0663,0.425
2618.5368,5.7189,70.3358,0.1766,0.1273,2.569,0.3731,2,0.2155,0.4179,0.1345,0.425
2618.6892,5.7354,68.4462,0.1766,0.1076,2.5784,0.4312,2,0.2235,0.4737,0.1632,0.425
2618.8416,5.734,67.5529,0.1761,0.1019,2.5877,0.4749,1,0.1975,0.5029,0.1685,0.425
2618.994,5.7319,67.6505,0.174,0.1047,2.5971,0.4943,1,0.1552,0.5531,0.1595,0.425
2619.1464,5.7299,67.6539,0.172,0.1229,2.6002,0.4265,1,0.0881,0.6231,0.1171,0.425
2619.2988,5.7282,67.6576,0.17,0.1369,2.6031,0.6,1,0.0444,0.6163,0.0852,0.425
2619.4512,5.7257,67.2833,0.1679,0.1398,2.6059,0.564,1,0.0323,0.6256,0.0736,0.425
2619.6036,5.7062,66.8771,0.1659,0.1394,2.6057,0.5448,1,0.0445,0.6282,0.069,0.425
2619.756,5.6865,67.5784,0.1639,0.1425,2.6041,0.521,1,0.0665,0.545,0.0652,0.425
2619.9084,5.6843,66.3941,0.1618,0.1445,2.6026,0.5126,1,0.0652,0.6099,0.0492,0.425
2620.0608,5.6995,67.3013,0.1593,0.1466,2.6015,0.4941,1,0.0952,0.5008,0.049,0.425
2620.2132,5.6949,69.0411,0.1563,0.1455,2.6013,0.4805,2,0.1497,0.3116,0.0617,0.425
2620.3656,5.6057,70.8021,0.1532,0.1446,2.601,0.4673,2,0.2013,0.1301,0.0734,0.425
2620.518,5.499,67.4021,0.1528,0.1259,2.6032,0.5107,2,0.2037,0.3868,0.0853,0.425
2620.6704,5.7914,66.1428,0.1528,0.1189,2.6232,0.5105,1,0.1209,0.5238,0.0897,0.425
2620.8228,5.8677,65.3157,0.1496,0.11,2.6433,0.5126,1,0.0747,0.5725,0.0974,0.425
2620.9752,5.8487,64.3655,0.1374,0.0913,2.6633,0.5519,1,0.1213,0.5091,0.1145,0.425
2621.1276,5.7447,61.9295,0.1311,0.0796,2.6712,0.3084,1,0.1373,0.6246,0.1118,0.425
2621.28,5.7739,61.7444,0.125,0.0775,2.6766,0.2728,1,0.1624,0.5651,0.107,0.425
2621.4324,5.771,62.3731,0.1218,0.0849,2.6821,0.4642,2,0.146,0.4906,0.0927,0.425
2621.5848,5.7349,60.4396,0.1238,0.0931,2.6722,0.2736,1,0.1226,0.6619,0.0623,0.425
2621.7372,5.7341,59.9493,0.1258,0.1051,2.6502,0.2184,1,0.1571,0.6946,0.0355,0.425
2621.8896,5.7482,62.1431,0.1279,0.1175,2.6282,0.3672,1,0.2288,0.5274,0.0288,0.425
2622.042,5.7124,61.3899,0.1372,0.1237,2.6123,0.1958,1,0.1995,0.6456,0.023,0.425
2622.1944,5.6925,60.5511,0.1555,0.1314,2.6128,0.1797,1,0.049,0.7879,0.0271,0.425
2622.3468,5.69,60.7002,0.1738,0.1285,2.6132,0.1634,1,0.0023,0.8042,0.0555,0.425
2622.4992,5.688,61.2348,0.1844,0.0412,2.6137,0.0058,1,0.0,0.6361,0.2778,0.425
2622.6516,5.7395,63.8653,0.1935,0.014,2.5242,0.0331,2,0.3788,0.1651,0.3763,0.0052
2622.804,5.7938,77.2063,0.1357,0.0009,2.4343,0.9382,2,0.0197,0.007,0.4783,0.417
2622.9564,5.9492,77.7122,0.1767,0.0157,2.3443,0.0349,5,0.0,0.0,0.5239,0.3759
2623.1088,5.9594,77.8874,0.26,0.0008,2.3253,0.9482,5,0.0,0.0,0.6543,0.2393
2623.2612,6.2391,78.0626,0.2511,0.0,2.3346,1.0,5,0.0,0.0,0.6539,0.2406
2623.4136,6.9046,78.2378,0.1996,0.0058,2.344,0.9976,5,0.0,0.0,0.5834,0.3167
2623.566,6.417,78.413,0.1722,0.0315,2.3527,0.56,2,0.0,0.0,0.4797,0.4115
2623.7184,5.9461,78.5865,0.1362,0.0516,2.3607,0.3654,2,0.0,0.0,0.3893,0.4963
2623.8708,5.7786,78.5022,0.1242,0.0823,2.3686,0.237,6,0.0,0.0,0.2946,0.5756
2624.0232,5.6166,78.4152,0.1219,0.1107,2.3723,0.1811,6,0.0,0.0,0.2182,0.6359
2624.1756,5.6116,78.3283,0.1224,0.1328,2.3529,0.2225,6,0.0,0.0,0.1706,0.6691
2624.328,5.6291,78.2413,0.1328,0.142,2.3335,0.2444,6,0.0,0.0,0.1665,0.6646
2624.4804,5.6975,78.1544,0.1484,0.1293,2.3141,0.2563,6,0.0,0.0,0.2236,0.611
2624.6328,5.7876,78.0674,0.1823,0.0752,2.3266,0.2478,2,0.0,0.0,0.389,0.4731
2624.7852,5.9409,77.9956,0.2097,0.0296,2.3437,0.2633,5,0.0,0.0,0.5238,0.3622
2624.9376,5.9246,78.5146,0.2066,0.0088,2.3609,0.6743,5,0.0,0.0,0.5698,0.3295
2625.09,5.9011,79.051,0.1851,0.0074,2.4047,0.9759,5,0.0,0.0,0.5347,0.3717
2625.2424,5.7254,79.5874,0.1493,0.0292,2.4669,0.4795,2,0.0,0.0,0.4183,0.4851
2625.3948,5.651,80.1238,0.1273,0.0244,2.5292,0.4679,6,0.0,0.0,0.382,0.5319
2625.5472,5.6475,80.6602,0.1205,0.0589,2.5624,0.6528,6,0.0,0.107,0.286,0.502
2625.6996,5.6627,81.1971,0.123,0.0925,2.5309,0.3048,6,0.0,0.1159,0.2209,0.535
2625.852,5.6619,81.733,0.1445,0.1295,2.4993,0.4479,2,0.0,0.1924,0.1736,0.4765
2626.0044,5.6781,82.2694,0.1872,0.1748,2.468,0.3986,2,0.0,0.3647,0.1336,0.3053
2626.1568,5.7271,82.8058,0.2235,0.205,2.4436,0.4798,2,0.0,0.4966,0.1204,0.1586
2626.3092,5.6585,83.3526,0.2605,0.2209,2.4193,0.531,1,0.0,0.5915,0.1403,0.0247
2626.4616,5.6905,84.1799,0.283,0.2314,2.3949,0.5762,1,0.0,0.5912,0.1521,0.0008
2626.614,5.863,81.3671,0.286,0.2241,2.3988,0.5901,1,0.0007,0.5976,0.1529,0.0
2626.7664,5.8882,78.985,0.2446,0.1805,2.4122,0.6648,2,0.2313,0.3766,0.1823,0.0
2626.9188,6.0598,77.1857,0.2067,0.118,2.4257,0.5813,4,0.5727,0.0145,0.2538,0.0
2627.0712,5.7982,76.9523,0.1789,0.0832,2.4448,0.6763,2,0.2855,0.0001,0.3013,0.2814
2627.2236,5.7715,71.5372,0.1332,0.0482,2.4705,0.9845,6,0.0485,0.0,0.3025,0.5521
2627.376,5.8566,70.4316,0.1111,0.0373,2.4963,1.0,6,0.0013,0.0,0.2891,0.6258
2627.5284,5.9079,70.7377,0.0986,0.0275,2.5265,0.9946,6,0.0,0.0019,0.2858,0.6388
2627.6808,5.9074,71.0734,0.0876,0.0345,2.5767,0.7008,6,0.0,0.1059,0.2391,0.5819
2627.8332,5.8282,71.409,0.0833,0.063,2.6268,0.65,2,0.0,0.2955,0.1559,0.4605
2627.9856,5.5571,71.7447,0.0812,0.0569,2.677,0.3758,2,0.0,0.4027,0.1571,0.358
2628.138,5.771,72.0804,0.0805,0.0501,2.6754,0.3723,2,0.0,0.3762,0.1744,0.3713
2628.2904,5.6454,72.4161,0.0806,0.0314,2.6684,0.4702,2,0.0,0.3053,0.2217,0.4059
2628.4428,5.4707,72.7518,0.081,0.0158,2.6614,0.7279,2,0.0,0.2417,0.2626,0.4376
2628.5952,5.6415,73.0874,0.0817,0.0114,2.6197,0.6012,6,0.0,0.1135,0.2863,0.5427
2628.7476,5.7812,73.4231,0.0829,0.0188,2.5572,0.9733,6,0.0,0.0057,0.292,0.6364
2628.9,5.8095,73.7588,0.0868,0.0452,2.4946,0.7033,6,0.0,0.0,0.2595,0.6535
2629.0524,5.8205,75.1312,0.102,0.0589,2.446,0.5944,6,0.0,0.0,0.2715,0.6257
2629.2048,5.9513,75.3399,0.1438,0.0593,2.424,0.4786,6,0.0,0.0,0.3264,0.5617
2629.3572,6.4939,82.1239,0.1736,0.0553,2.4019,0.3061,2,0.0,0.0,0.4232,0.4533
2629.5096,6.7812,82.0472,0.204,0.0504,2.3803,0.2118,2,0.0,0.0,0.4765,0.3963
2629.662,6.4122,80.7633,0.2049,0.0533,2.3643,0.1762,2,0.0,0.0,0.469,0.4021
2629.8144,6.5461,77.4236,0.1956,0.0731,2.3482,0.2028,2,0.0,0.0,0.3942,0.4691
2629.9668,6.632,78.2134,0.18,0.0987,2.3322,0.1957,6,0.0,0.0,0.3268,0.5219
2630.1192,6.0052,87.3241,0.1595,0.1376,2.3146,0.1717,6,0.0,0.0,0.2754,0.5425
2630.2716,5.7034,88.606,0.1501,0.1683,2.2966,0.1846,6,0.0,0.0,0.2066,0.5918
2630.424,5.6954,92.6731,0.1437,0.1911,2.2786,0.1796,6,0.0,0.0,0.178,0.6022
2630.5764,5.9032,93.597,0.145,0.2016,2.2677,0.1984,6,0.0,0.0,0.1647,0.6072
2630.7288,6.0398,95.7293,0.1577,0.2031,2.2638,0.2184,6,0.0,0.0,0.1899,0.5764
2630.8812,5.9559,95.6463,0.1665,0.2066,2.26,0.2466,6,0.0,0.0,0.1916,0.5709
2631.0336,5.865,94.975,0.1696,0.2118,2.2575,0.2675,6,0.0,0.0,0.1783,0.5812
2631.186,5.8315,95.096,0.1605,0.209,2.2595,0.263,6,0.0,0.0,0.1761,0.5865
2631.3384,6.0368,92.659,0.164,0.2036,2.2615,0.2593,6,0.0,0.0,0.1763,0.5917
2631.4908,5.9097,94.2463,0.1683,0.2008,2.2636,0.2387,6,0.0,0.0,0.1971,0.5703
2631.6432,5.7153,94.1045,0.1777,0.203,2.2574,0.2141,6,0.0,0.0,0.2025,0.5618
2631.7956,5.762,94.3123,0.1691,0.2063,2.2508,0.1975,6,0.0,0.0,0.1906,0.5724
2631.948,5.7948,96.7809,0.1632,0.2141,2.2441,0.173,6,0.0,0.0,0.1842,0.572
2632.1004,5.7947,96.6068,0.1585,0.2137,2.2509,0.163,6,0.0,0.0,0.1761,0.5819
2632.2528,5.7906,95.0304,0.1549,0.2072,2.2646,0.1584,6,0.0,0.0,0.172,0.5932
2632.4052,5.7221,93.0078,0.1541,0.2002,2.2783,0.153,6,0.0,0.0,0.1688,0.6037
2632.5576,5.7707,91.757,0.157,0.1989,2.2863,0.1453,6,0.0,0.0,0.1629,0.6119
2632.71,5.8196,91.9839,0.1628,0.2062,2.2847,0.1363,6,0.0,0.0,0.152,0.6173
2632.8624,5.7824,89.8619,0.1599,0.2081,2.2831,0.1372,6,0.0,0.0,0.1312,0.6395
2633.0148,5.5614,92.2233,0.1528,0.2056,2.281,0.124,6,0.0,0.0,0.1468,0.6239
2633.1672,5.8606,92.1392,0.1523,0.1919,2.2751,0.1283,6,0.0,0.0,0.1836,0.5948
2633.3196,5.8867,92.134,0.1655,0.1719,2.2693,0.1186,6,0.0,0.0,0.2519,0.5357
2633.472,5.853,97.9068,0.1878,0.1567,2.2634,0.0772,2,0.0,0.0,0.3538,0.4324
2633.6244,5.9711,94.4726,0.2118,0.1214,2.2802,0.0326,2,0.0,0.0,0.4378,0.3702
2633.7768,6.7863,94.5622,0.2293,0.0805,2.3022,0.0011,5,0.0,0.0,0.5477,0.2835
2633.9292,6.8236,89.5067,0.2284,0.0557,2.3242,0.0,5,0.0,0.0,0.5645,0.2889
2634.0816,7.0204,89.1651,0.1923,0.0377,2.3531,0.0,5,0.0,0.0,0.5579,0.3145
2634.234,6.0732,89.0013,0.1743,0.0368,2.388,0.0,5,0.0,0.0,0.5244,0.3543
2634.3864,5.6553,88.8374,0.1641,0.0394,2.4229,0.0,2,0.0,0.0,0.4911,0.3904
2634.5388,5.7971,88.6736,0.1646,0.0335,2.4451,0.0,2,0.0,0.0,0.4951,0.3916
2634.6912,5.7909,88.5098,0.1752,0.0385,2.4304,0.0003,2,0.0,0.0,0.4981,0.3831
2634.8436,5.6006,88.346,0.1655,0.0509,2.4156,0.0224,2,0.0,0.0,0.4638,0.4106
2634.996,5.5953,88.1822,0.1584,0.0791,2.4009,0.124,2,0.0,0.0,0.3905,0.4674
2635.1484,5.6645,88.0184,0.1569,0.1085,2.3812,0.1339,6,0.0,0.0,0.3224,0.5171
2635.3008,5.7522,87.8546,0.1605,0.1285,2.3615,0.1264,6,0.0,0.0,0.2826,0.5433
2635.4532,5.8002,87.6674,0.15,0.1467,2.3417,0.1297,6,0.0,0.0,0.2339,0.5817
2635.6056,5.6946,86.6917,0.1503,0.1478,2.3454,0.1182,6,0.0,0.0,0.2228,0.5935
2635.758,5.5858,86.6094,0.1502,0.1433,2.3596,0.0975,6,0.0,0.0,0.2267,0.5934
2635.9104,5.6554,85.9679,0.1366,0.1431,2.3738,0.0932,6,0.0,0.0,0.2024,0.6219
2636.0628,5.7761,82.0081,0.1311,0.1344,2.3974,0.0956,6,0.0,0.0,0.1803,0.6563
2636.2152,5.8275,77.2039,0.1254,0.1195,2.4347,0.1039,6,0.0,0.0,0.1624,0.692
2636.3676,5.7388,77.191,0.1125,0.0979,2.4719,0.0739,6,0.0,0.0021,0.1858,0.6843
2636.52,5.6462,70.5905,0.1004,0.0903,2.5098,0.1066,6,0.0,0.1157,0.1395,0.632
2636.6724,5.6978,67.5756,0.0903,0.0735,2.5517,0.123,6,0.0067,0.192,0.1362,0.5696
2636.8248,5.7466,60.5846,0.086,0.0512,2.5936,0.3317,4,0.6839,0.0619,0.1093,0.0761
2636.9772,5.7276,61.303,0.0826,0.0404,2.6354,0.5155,2,0.0256,0.3886,0.1452,0.3769
2637.1296,5.6738,59.0785,0.0826,0.0207,2.6326,0.3811,4,0.6773,0.1003,0.1567,0.0198
2637.282,5.6696,58.3889,0.083,0.0208,2.6218,0.2958,4,0.7556,0.0468,0.1523,0.0
2637.4344,5.6502,59.1284,0.0839,0.0236,2.6111,0.2572,4,0.7954,0.0037,0.1527,0.0
2637.5868,5.6301,61.7938,0.0857,0.0381,2.5967,0.1361,2,0.4593,0.1091,0.1523,0.2166
2637.7392,5.6097,62.7785,0.0867,0.0638,2.5794,0.1171,2,0.0701,0.2698,0.1177,0.4596
2637.8916,5.6056,65.9541,0.0915,0.0754,2.5621,0.0807,6,0.0026,0.253,0.1214,0.5281
2638.044,5.5527,66.6182,0.0961,0.0847,2.5464,0.0746,6,0.0,0.2414,0.1136,0.542
2638.1964,5.5518,68.4295,0.0981,0.0858,2.5348,0.0574,6,0.0,0.1945,0.1273,0.572
2638.3488,5.6873,69.7128,0.0971,0.0848,2.5232,0.0457,6,0.0,0.139,0.1385,0.6153
2638.5012,5.7075,69.9167,0.0946,0.0826,2.5115,0.0421,6,0.0,0.0895,0.1447,0.6599
2638.6536,5.7071,69.7295,0.0927,0.0822,2.4982,0.0577,6,0.0,0.0479,0.1454,0.7011
2638.806,5.7576,70.2401,0.0904,0.0809,2.4849,0.0658,6,0.0,0.0024,0.1523,0.7399
2638.9584,5.8098,68.4139,0.0896,0.0874,2.4715,0.1025,6,0.0,0.0,0.1296,0.7621
2639.1108,5.8251,73.6239,0.0906,0.0902,2.4724,0.1219,6,0.0,0.0,0.1575,0.727
2639.2632,5.8066,72.5445,0.094,0.0867,2.4785,0.1912,6,0.0,0.0,0.1605,0.727
2639.4156,5.8046,73.43,0.0968,0.0839,2.4847,0.243,6,0.0,0.0,0.1734,0.7148
2639.568,5.8245,72.082,0.0991,0.0839,2.4888,0.2824,6,0.0,0.0177,0.1664,0.7052
2639.7204,5.9788,72.4555,0.104,0.0916,2.4904,0.2684,6,0.0,0.0538,0.1561,0.6734
2639.8728,5.8357,72.284,0.11,0.0933,2.4921,0.2584,6,0.0,0.0855,0.1585,0.6371
2640.0252,5.7283,71.4773,0.1094,0.0887,2.4928,0.2643,6,0.0044,0.0835,0.1633,0.6338
2640.1776,5.7758,67.9886,0.1086,0.0824,2.4892,0.2946,2,0.2626,0.003,0.1498,0.4781
2640.33,5.8242,70.2562,0.1117,0.0658,2.4856,0.2506,6,0.0868,0.0,0.2123,0.6009
2640.4824,5.7718,71.3961,0.123,0.0487,2.482,0.1779,6,0.026,0.0,0.2767,0.604
2640.6348,5.7164,72.7637,0.1243,0.0458,2.4852,0.0764,6,0.0008,0.0,0.2937,0.6123
2640.7872,5.6969,72.2789,0.1195,0.0476,2.4892,0.0236,6,0.0008,0.0,0.2788,0.6279
2640.9396,5.7293,70.1121,0.1111,0.0505,2.4932,0.003,6,0.0418,0.0,0.247,0.621
2641.092,5.7438,71.3007,0.1034,0.0487,2.5056,0.0001,6,0.002,0.0006,0.2444,0.6649
2641.2444,5.7074,69.0169,0.0978,0.0475,2.5235,0.0,6,0.0058,0.0553,0.2223,0.6333
2641.3968,5.6699,65.789,0.0987,0.0453,2.5415,0.0,2,0.3765,0.0021,0.1931,0.3519
2641.5492,5.6675,66.2385,0.1043,0.0762,2.5635,0.0187,2,0.0201,0.2941,0.1367,0.4508
2641.7016,5.6659,65.8535,0.1061,0.0742,2.5942,0.1857,2,0.0008,0.3918,0.134,0.3776
2641.854,5.717,61.1776,0.1008,0.0672,2.6249,0.2243,2,0.1183,0.4566,0.1054,0.2355
2642.0064,5.7654,58.1206,0.0961,0.0488,2.6542,0.2384,2,0.4319,0.3836,0.1064,0.0121
2642.1588,5.6781,57.9247,0.0915,0.0344,2.6514,0.0109,4,0.5211,0.2938,0.1298,0.0
2642.3112,5.6748,57.9059,0.089,0.0372,2.6486,0.0006,4,0.5492,0.2751,0.1193,0.0
2642.4636,5.654,57.3717,0.0889,0.0452,2.6459,0.0385,4,0.5416,0.2959,0.0987,0.0026
2642.616,5.6012,58.7412,0.0901,0.073,2.6393,0.22,2,0.1843,0.4807,0.0574,0.1953
2642.7684,5.6491,60.0263,0.0924,0.0918,2.6316,0.2222,1,0.009,0.5682,0.0321,0.2937
2642.9208,5.6495,60.5459,0.0997,0.1056,2.6238,0.2199,1,0.0,0.6032,0.0144,0.2745
2643.0732,5.6485,60.8378,0.1045,0.1091,2.6099,0.2176,1,0.0,0.5863,0.0179,0.2837
2643.2256,5.6802,63.4604,0.1064,0.1067,2.5893,0.2018,2,0.0,0.4949,0.046,0.345
2643.378,5.6781,65.3808,0.1016,0.1057,2.5688,0.1797,2,0.0,0.3936,0.059,0.4322
2643.5304,5.5583,66.4025,0.1021,0.1077,2.5478,0.0661,2,0.0,0.3286,0.0664,0.4866
2643.6828,5.637,68.2763,0.1079,0.1041,2.5252,0.0548,6,0.0,0.2523,0.0991,0.5285
2643.8352,5.6408,70.173,0.1164,0.0905,2.5026,0.0215,6,0.0,0.1592,0.1587,0.5661
2643.9876,5.7934,71.7224,0.1205,0.0899,2.48,0.0222,6,0.0,0.0889,0.1798,0.6125
2644.14,5.8314,73.7196,0.1191,0.0836,2.4717,0.0359,6,0.0,0.0186,0.2065,0.658
2644.2924,5.794,73.6808,0.118,0.0843,2.4646,0.079,6,0.0,0.0007,0.2056,0.6763
2644.4448,5.7724,73.7644,0.1172,0.0885,2.4576,0.1206,6,0.0,0.0,0.1979,0.6817
2644.5972,5.7012,75.0179,0.1148,0.0896,2.4565,0.1462,6,0.0,0.0,0.2016,0.6763
2644.7496,5.772,74.7168,0.1132,0.0836,2.4587,0.1761,6,0.0,0.0,0.2123,0.67
2644.902,5.9274,74.0889,0.1123,0.0719,2.461,0.2081,6,0.0,0.0,0.2358,0.6542
2645.0544,5.9296,74.3685,0.1164,0.0681,2.4535,0.2035,6,0.0,0.0,0.2552,0.6356
2645.2068,5.9993,75.4314,0.1173,0.0726,2.4283,0.1563,6,0.0,0.0,0.2636,0.6214
2645.3592,6.1217,78.0932,0.1218,0.0857,2.403,0.1076,6,0.0,0.0,0.265,0.6066
2645.5116,6.1552,82.1937,0.1262,0.1086,2.3767,0.0766,6,0.0,0.0,0.252,0.5988
2645.664,6.1518,85.359,0.1357,0.15,2.3368,0.0701,6,0.0,0.0,0.1972,0.6211
2645.8164,6.0256,89.9395,0.1439,0.1867,2.2969,0.0568,6,0.0,0.0,0.1625,0.6246
2645.9688,5.8469,94.2567,0.1551,0.2231,2.257,0.0474,6,0.0,0.0,0.1291,0.6269
2646.1212,5.752,95.824,0.1628,0.2353,2.2535,0.0614,6,0.0,0.0,0.119,0.6265
2646.2736,5.7678,96.5528,0.1652,0.2342,2.2594,0.0754,6,0.0,0.0,0.1272,0.6182
2646.426,5.8182,95.7066,0.1661,0.2273,2.2653,0.0902,6,0.0,0.0,0.1368,0.6139
2646.5784,5.8352,93.7365,0.1662,0.2058,2.2719,0.1044,6,0.0,0.0,0.1754,0.5907
2646.7308,5.8384,91.778,0.1765,0.1833,2.2792,0.1198,6,0.0,0.0,0.2257,0.5547
2646.8832,5.9904,88.0632,0.1823,0.1506,2.2864,0.1406,6,0.0,0.0,0.2868,0.5164
2647.0356,6.0097,91.1118,0.1833,0.1364,2.2895,0.1303,2,0.0,0.0,0.3425,0.466
2647.188,6.0066,91.1158,0.181,0.1155,2.2786,0.0659,2,0.0,0.0,0.398,0.4224
2647.3404,5.9699,93.6303,0.1661,0.1256,2.2677,0.0345,2,0.0,0.0,0.3791,0.4342
2647.4928,5.8607,94.6757,0.154,0.1602,2.2568,0.0471,6,0.0,0.0,0.2914,0.5015
2647.6452,5.7876,95.7013,0.1516,0.1934,2.2724,0.068,6,0.0,0.0,0.2046,0.5691
2647.7976,5.8012,96.3153,0.1495,0.2066,2.2894,0.0673,6,0.0,0.0,0.1655,0.6013
2647.95,5.8359,96.9172,0.1472,0.2145,2.3063,0.0609,6,0.0,0.0,0.1392,0.624
2648.1024,5.8874,97.5191,0.1352,0.2076,2.3227,0.0609,6,0.0,0.0,0.1412,0.6285
2648.2548,5.9384,98.1211,0.1277,0.1939,2.3387,0.0596,6,0.0,0.0,0.1649,0.6147
2648.4072,5.9546,98.723,0.1204,0.1774,2.3547,0.0552,6,0.0,0.0,0.1964,0.5946
2648.5596,5.9354,99.3255,0.1241,0.1616,2.3631,0.0623,6,0.0,0.0,0.2402,0.5595
2648.712,5.9521,99.9269,0.1247,0.1449,2.3594,0.0943,6,0.0,0.0,0.2889,0.5196
2648.8644,5.9839,100.5289,0.1308,0.1224,2.3558,0.116,2,0.0,0.0,0.3587,0.4612
2649.0168,6.0045,101.1308,0.1487,0.0984,2.3498,0.1164,2,0.0,0.0,0.4449,0.385
2649.1692,6.2087,101.7141,0.1675,0.0978,2.3249,0.0843,2,0.0,0.0,0.4811,0.3437
2649.3216,6.2137,101.743,0.1854,0.0953,2.3001,0.0497,5,0.0,0.0,0.5189,0.3022
2649.474,6.1877,102.3524,0.2278,0.104,2.2752,0.0101,5,0.0,0.0,0.5547,0.252
2649.6264,7.2422,93.667,0.2366,0.0782,2.2845,0.0005,5,0.0,0.0,0.565,0.2659
2649.7788,6.7326,91.5412,0.2089,0.0594,2.3008,0.0,5,0.0,0.0,0.5616,0.2885
2649.9312,5.8894,88.6348,0.1857,0.0558,2.3171,0.0008,5,0.0,0.0,0.5191,0.3415
2650.0836,5.7571,87.639,0.1472,0.0367,2.3638,0.0656,2,0.0,0.0,0.4982,0.3849
2650.236,5.8568,78.2192,0.1232,0.0213,2.4354,0.6407,2,0.0,0.0,0.4156,0.4962
2650.3884,5.859,65.7301,0.1182,0.0237,2.507,0.9822,2,0.2592,0.0019,0.2988,0.3683
2650.5408,5.9274,65.7857,0.114,0.0239,2.5551,1.0,2,0.1902,0.1063,0.2815,0.3527
2650.6932,6.0644,70.1207,0.1084,0.0164,2.5386,0.9999,6,0.0078,0.0411,0.3214,0.5617
2650.8456,6.0484,69.5701,0.1069,0.0137,2.5221,0.9898,6,0.0,0.002,0.3211,0.6116
2650.998,5.9933,70.442,0.1035,0.0243,2.5056,0.4137,6,0.0,0.0,0.3009,0.6263
2651.1504,5.9021,70.5916,0.0992,0.0192,2.5325,0.3793,6,0.0,0.0017,0.2985,0.6325
2651.3028,5.825,68.2587,0.0959,0.0288,2.56,0.3157,6,0.0053,0.1123,0.2503,0.5629
2651.4552,5.6165,63.5125,0.098,0.0364,2.5874,0.5872,2,0.4732,0.0939,0.1849,0.1819
2651.6076,5.7285,62.7581,0.1014,0.0647,2.5279,0.5235,4,0.5689,0.0049,0.1322,0.208
2651.76,5.7306,62.027,0.1133,0.1155,2.4322,0.4956,2,0.4711,0.0,0.0537,0.3511
2651.9124,6.2871,61.2931,0.1268,0.1567,2.3364,0.4794,6,0.3249,0.0,0.0029,0.5151
2652.0648,8.5902,60.5591,0.1478,0.1459,2.2934,0.4928,2,0.285,0.0,0.0651,0.4936
2652.2172,8.8218,59.8252,0.1642,0.1105,2.3215,0.5125,2,0.434,0.0,0.1542,0.2764
2652.3696,8.4463,59.0912,0.14,0.083,2.3497,0.5729,2,0.2501,0.0,0.1823,0.4552
2652.522,6.8885,58.3572,0.117,0.0714,2.3876,0.5932,6,0.2183,0.0,0.1643,0.5196
2652.6744,5.9082,57.6233,0.0914,0.0572,2.4834,0.6986,2,0.4529,0.0,0.125,0.3448
2652.8268,5.8968,56.8893,0.0862,0.0321,2.5792,0.9843,4,0.7891,0.0066,0.133,0.0178
2652.9792,5.9128,56.1567,0.0835,0.0285,2.675,1.0,2,0.4697,0.3621,0.1203,0.0
2653.1316,6.0128,55.3002,0.0828,0.0539,2.6786,0.8584,2,0.4185,0.4648,0.0541,0.0
2653.284,5.9291,50.8311,0.0822,0.065,2.6677,0.8585,2,0.4415,0.4905,0.0025,0.0
2653.4364,5.926,54.2276,0.0824,0.0753,2.6567,0.7858,2,0.48,0.4446,0.0,0.0
2653.5888,6.0154,58.0849,0.0827,0.0667,2.6279,0.877,2,0.4967,0.2928,0.0506,0.0851
2653.7412,6.1898,58.8301,0.0841,0.0611,2.5863,0.6907,4,0.8283,0.0245,0.0693,0.0057
2653.8936,6.1894,63.346,0.0862,0.0491,2.5446,0.7752,2,0.4152,0.0005,0.1518,0.3589
2654.046,6.2008,69.426,0.0931,0.055,2.4922,0.7334,6,0.0209,0.0,0.212,0.6781
2654.1984,6.7037,71.3505,0.105,0.0874,2.4148,0.6489,6,0.0,0.0,0.1912,0.6906
2654.3508,9.4339,72.394,0.1394,0.1097,2.3374,0.6043,6,0.0,0.0,0.213,0.643
2654.5032,9.795,73.4299,0.1818,0.1353,2.2617,0.5448,6,0.0,0.0,0.2307,0.5969
2654.6556,10.2848,74.4658,0.1823,0.1215,2.2683,0.558,6,0.0,0.0,0.2737,0.5608
2654.808,9.48,75.5017,0.1659,0.1214,2.2748,0.5537,6,0.0,0.0,0.2606,0.5761
2654.9604,7.4162,76.5349,0.1371,0.1325,2.2814,0.5346,6,0.0,0.0,0.2077,0.6264
2655.1128,7.7415,76.4855,0.1356,0.1166,2.3193,0.5933,6,0.0,0.0,0.2281,0.6186
2655.2652,6.2805,76.4296,0.1433,0.1105,2.3682,0.6319,6,0.0,0.0,0.2289,0.6238
2655.4176,6.6786,76.3737,0.1523,0.0898,2.4171,0.746,6,0.0,0.0,0.2678,0.5993
2655.57,7.6486,76.3178,0.1555,0.0947,2.419,0.7031,6,0.0,0.0,0.2589,0.6047
2655.7224,8.7458,76.262,0.1652,0.1208,2.3654,0.5495,6,0.0,0.0,0.2254,0.6175
2655.8748,8.7921,76.2061,0.1689,0.1453,2.3117,0.4558,6,0.0,0.0,0.1917,0.6322
2656.0272,9.3003,76.1502,0.1784,0.1519,2.2792,0.4002,6,0.0,0.0,0.1956,0.621
2656.1796,9.246,76.0943,0.1525,0.1074,2.3433,0.4141,6,0.0,0.0,0.2551,0.5964
2656.332,7.1842,76.0385,0.1239,0.0777,2.4075,0.3877,6,0.0,0.0,0.2713,0.6073
2656.4844,6.5474,75.8952,0.1077,0.0468,2.4717,0.2334,6,0.0,0.0,0.3015,0.6032
2656.6368,6.4406,71.9087,0.096,0.0151,2.54,0.4419,6,0.0,0.0,0.3112,0.6236
2656.7892,6.2617,66.5005,0.09,0.0209,2.6088,0.5091,2,0.0,0.2309,0.2388,0.471
2656.9416,6.132,59.2633,0.0852,0.0325,2.6776,0.9787,1,0.0026,0.5276,0.1473,0.2663
2657.094,6.0706,54.429,0.0836,0.0417,2.6903,0.9504,2,0.3662,0.492,0.0777,0.0099
2657.2464,5.8418,56.6903,0.0823,0.0458,2.6682,0.861,2,0.4778,0.3756,0.0816,0.006
2657.3988,5.7113,60.0182,0.0822,0.056,2.6462,0.6808,2,0.0174,0.4778,0.0978,0.3353
2657.5512,5.7962,59.7766,0.0825,0.0554,2.6301,0.6808,2,0.1279,0.3936,0.0987,0.3085
2657.7036,5.8308,57.8592,0.0828,0.0513,2.6259,0.7572,4,0.6443,0.1905,0.0814,0.0195
2657.856,5.794,59.9206,0.0829,0.0628,2.6217,0.6057,2,0.1148,0.3924,0.0855,0.3308
2658.0084,5.7594,60.9167,0.0837,0.0773,2.6172,0.5252,2,0.0049,0.4481,0.0636,0.3959
2658.1608,5.8257,61.5231,0.0854,0.087,2.6054,0.5074,2,0.0,0.442,0.0493,0.4137
2658.3132,5.8416,60.5201,0.0871,0.0996,2.5937,0.4988,2,0.0,0.4612,0.0195,0.4166
2658.4656,5.8403,61.7303,0.0892,0.1026,2.5819,0.3021,2,0.0,0.4269,0.0253,0.4412
2658.618,5.8557,64.0858,0.0889,0.0889,2.5748,0.2488,2,0.0,0.3399,0.0725,0.4871
2658.7704,5.8723,65.7533,0.0898,0.0852,2.5691,0.2235,6,0.0,0.2952,0.0935,0.5111
2658.9228,5.9055,64.9528,0.0918,0.0933,2.5633,0.2183,6,0.0,0.3176,0.0742,0.5029
2659.0752,5.9019,65.6698,0.0954,0.0967,2.5699,0.2085,2,0.0,0.3484,0.0732,0.4698
2659.2276,5.7946,65.6055,0.0999,0.0893,2.589,0.433,2,0.0,0.3981,0.0909,0.407
2659.38,5.702,62.7742,0.102,0.0884,2.6082,0.4703,2,0.0,0.4942,0.075,0.3303
2659.5324,5.7692,60.616,0.105,0.0801,2.6219,0.513,2,0.2451,0.4521,0.0742,0.1366
2659.6848,5.7698,62.2928,0.1087,0.0799,2.6156,0.4647,1,0.0131,0.5175,0.0977,0.276
2659.8372,5.7857,62.4337,0.1054,0.0793,2.6092,0.4527,2,0.0,0.491,0.0983,0.3155
2659.9896,5.8012,61.2637,0.1028,0.0693,2.6028,0.4986,2,0.4755,0.2672,0.0972,0.0752
2660.142,5.7994,63.2066,0.1031,0.0715,2.5869,0.451,2,0.1504,0.3316,0.1183,0.3091
2660.2944,5.797,64.5783,0.102,0.0715,2.5703,0.1693,2,0.0049,0.3204,0.1344,0.4471
2660.4468,5.7789,65.8759,0.1027,0.0717,2.5536,0.1444,2,0.0,0.2621,0.1466,0.496
2660.5992,5.8115,66.7606,0.1044,0.0763,2.5423,0.1655,6,0.0,0.2366,0.1463,0.5173
2660.7516,5.8102,67.2769,0.1059,0.0836,2.5338,0.1998,6,0.0,0.2298,0.1362,0.5284
2660.904,5.826,68.1411,0.1072,0.0874,2.5253,0.224,6,0.0,0.2089,0.1362,0.5456
2661.0564,5.857,69.1407,0.1075,0.073,2.5216,0.2393,6,0.0,0.1505,0.1769,0.5711
2661.2088,5.8561,68.1957,0.1102,0.0424,2.5259,0.3054,2,0.2588,0.0077,0.2371,0.4158
2661.3612,5.8557,66.8734,0.1143,0.0277,2.5303,0.3997,2,0.3252,0.0,0.2672,0.337
2661.5136,6.0782,67.8682,0.1194,0.022,2.5359,0.3971,2,0.3358,0.0,0.2903,0.3053
2661.666,6.0287,66.3886,0.1192,0.0226,2.5554,0.2616,4,0.5161,0.0,0.269,0.149
2661.8184,5.9025,65.2339,0.1177,0.0258,2.575,0.1048,4,0.6857,0.0,0.2411,0.0085
2661.9708,5.8293,63.3288,0.1074,0.0291,2.5945,0.0095,4,0.6851,0.0466,0.2037,0.0027
2662.1232,5.7908,62.4657,0.0958,0.0303,2.6144,0.3242,2,0.3758,0.2,0.1864,0.1776
2662.2756,5.8198,57.9661,0.0919,0.0271,2.6344,0.0183,4,0.6025,0.1911,0.1488,0.0067
2662.428,5.6903,57.3473,0.0861,0.0252,2.6544,0.0059,4,0.5664,0.248,0.1382,0.0
2662.5804,5.962,57.2788,0.0844,0.0264,2.6676,0.3091,4,0.515,0.306,0.1315,0.0
2662.7328,5.8388,56.2431,0.0831,0.0428,2.6746,0.316,2,0.4564,0.4011,0.0859,0.0
2662.8852,5.7992,54.7992,0.0829,0.0511,2.6816,0.319,2,0.4065,0.4755,0.0577,0.0
2663.0376,5.8297,55.4909,0.0828,0.0485,2.6881,0.3043,2,0.3826,0.4914,0.0668,0.0
2663.19,5.7279,54.9965,0.0828,0.0423,2.6929,0.3376,2,0.371,0.4967,0.0776,0.0
2663.3424,5.8078,55.2262,0.0836,0.0381,2.6977,0.36,1,0.3503,0.5082,0.0891,0.0
2663.4948,5.8065,54.2544,0.0845,0.039,2.7024,0.3962,1,0.3175,0.5481,0.0821,0.0
2663.6472,5.7741,54.6749,0.0876,0.0408,2.6908,0.3952,1,0.3457,0.5133,0.0863,0.0
2663.7996,5.772,55.7983,0.0906,0.0418,2.6786,0.3836,2,0.381,0.4653,0.0964,0.0
2663.952,5.7707,56.7686,0.0934,0.0448,2.6663,0.3706,2,0.4131,0.4251,0.1008,0.0
2664.1044,5.7691,57.3813,0.0956,0.0466,2.6617,0.3477,2,0.4146,0.4175,0.1045,0.0
2664.2568,5.7677,57.87,0.0998,0.0477,2.6607,0.3134,2,0.3877,0.4355,0.1112,0.0
2664.4092,5.7663,57.9273,0.1009,0.0442,2.6596,0.2982,2,0.3913,0.4237,0.1213,0.0
2664.5616,5.7654,57.6567,0.0987,0.0419,2.6628,0.305,2,0.3954,0.4221,0.1211,0.0
2664.714,5.7638,55.9403,0.095,0.0404,2.6724,0.3496,2,0.3792,0.4555,0.1076,0.0
2664.8664,5.7631,56.0741,0.0912,0.0404,2.682,0.3622,2,0.3629,0.4783,0.1021,0.0
2665.0188,5.7792,55.253,0.0912,0.0441,2.6879,0.3954,1,0.3309,0.5221,0.0886,0.0
2665.1712,5.7602,56.5798,0.0924,0.0433,2.6677,0.5182,2,0.4164,0.4225,0.1014,0.0
2665.3236,5.7489,57.3727,0.0948,0.0383,2.6476,0.5776,4,0.5045,0.3143,0.1231,0.0
2665.476,5.739,58.5741,0.102,0.0374,2.6274,0.2981,4,0.5501,0.2448,0.1445,0.0
2665.6284,5.737,60.3406,0.1066,0.0316,2.6195,0.2726,4,0.5649,0.199,0.1761,0.0
2665.7808,5.7183,59.9389,0.1132,0.035,2.6139,0.2661,4,0.5345,0.2255,0.1766,0.0
2665.9332,5.6994,60.2981,0.1185,0.0369,2.6083,0.2529,4,0.5162,0.2343,0.1831,0.0
2666.0856,5.6977,61.8563,0.1255,0.0405,2.6026,0.1931,2,0.4862,0.2464,0.1954,0.0
2666.238,5.7138,62.1306,0.1317,0.0504,2.5967,0.4719,2,0.4459,0.2885,0.1854,0.0
2666.3904,5.7311,63.6922,0.143,0.0675,2.5908,0.3933,2,0.3587,0.3726,0.1733,0.0
2666.5428,5.7657,63.4757,0.1433,0.0657,2.5898,0.3787,2,0.3625,0.367,0.1764,0.0
2666.6952,5.8179,62.2609,0.133,0.0538,2.6013,0.4224,2,0.4086,0.3288,0.1798,0.0
2666.8476,5.8507,61.4829,0.1238,0.042,2.6128,0.4526,2,0.4497,0.2923,0.1862,0.0
2667.0,5.8156,60.4116,0.1051,0.0331,2.6243,0.1547,4,0.5468,0.2211,0.1714,0.0
2667.1524,5.7783,59.1123,0.0971,0.0299,2.6501,0.4921,2,0.4954,0.2936,0.156,0.0
2667.3048,5.7401,57.7211,0.0896,0.0224,2.6758,0.5032,2,0.4422,0.3603,0.1508,0.0
2667.4572,5.6836,54.7058,0.0846,0.0284,2.7016,0.2982,1,0.3421,0.5024,0.1095,0.0
2667.6096,5.51,53.8435,0.0825,0.0434,2.7083,0.2285,1,0.297,0.5826,0.0664,0.0
2667.762,5.5391,52.5762,0.0814,0.0624,2.7076,0.237,1,0.2676,0.6537,0.0141,0.0
2667.9144,5.7062,52.5968,0.0813,0.0685,2.7069,0.2137,1,0.259,0.672,0.0004,0.0
2668.0668,5.4922,54.0001,0.0818,0.0733,2.7005,0.2009,1,0.2794,0.6473,0.0,0.0
2668.2192,5.6232,54.5233,0.084,0.0767,2.6868,0.2193,1,0.3212,0.6021,0.0,0.0
2668.3716,5.7097,55.9407,0.0858,0.0857,2.6731,0.2193,1,0.1133,0.6579,0.0,0.143
2668.524,5.7115,57.4365,0.0927,0.0957,2.6619,0.218,1,0.0051,0.7006,0.0003,0.1983
2668.6764,5.7102,57.7456,0.0975,0.0913,2.6641,0.2336,1,0.0,0.708,0.0187,0.1789
2668.8288,5.7096,58.1973,0.0976,0.08,2.6664,0.2513,1,0.0057,0.6777,0.0471,0.182
2668.9812,5.7424,57.4839,0.0967,0.0657,2.6686,0.3031,1,0.3237,0.529,0.0638,0.0076
2669.1336,5.7246,56.8114,0.0978,0.0687,2.673,0.3044,1,0.3007,0.5684,0.0536,0.0
2669.286,5.7227,55.3122,0.0969,0.0865,2.6777,0.3113,1,0.2479,0.6624,0.0028,0.0
2669.4384,5.7214,55.3253,0.0944,0.0861,2.6824,0.3088,1,0.2433,0.6705,0.0,0.0
2669.5908,5.7187,55.7468,0.0925,0.0866,2.6717,0.3954,1,0.304,0.6063,0.0,0.003
2669.7432,5.6832,57.3865,0.0916,0.0963,2.6506,0.453,1,0.0392,0.6533,0.0,0.2112
2669.8956,5.6822,58.9294,0.0922,0.1031,2.6295,0.4954,1,0.0009,0.6081,0.0,0.2879
2670.048,5.731,61.1026,0.0925,0.0857,2.6073,0.5775,2,0.0115,0.4703,0.0587,0.3642
2670.2004,5.6969,62.0224,0.0953,0.0294,2.5824,0.7147,4,0.64,0.0176,0.185,0.0982
2670.3528,5.7303,63.4229,0.0975,0.016,2.5575,0.9879,2,0.4071,0.0,0.2487,0.2883
2670.5052,5.7298,67.8599,0.0976,0.0017,2.5335,0.9991,6,0.0205,0.0002,0.3474,0.5743
2670.6576,5.7284,67.2314,0.0987,0.0,2.5373,1.0,6,0.0,0.0106,0.3553,0.577
2670.81,5.7271,64.5503,0.1035,0.0,2.5411,1.0,2,0.1571,0.0105,0.3359,0.4425
2670.9624,5.7245,65.1021,0.1119,0.0,2.5449,1.0,2,0.2773,0.0005,0.3364,0.3317
2671.1148,5.6365,66.8533,0.1199,0.0,2.5485,1.0,2,0.3183,0.0,0.3451,0.2811
2671.2672,5.6359,65.3546,0.1284,0.0146,2.5522,0.053,4,0.5977,0.0,0.2919,0.0488
2671.4196,5.7393,64.8866,0.132,0.029,2.5558,0.0,4,0.6759,0.0,0.253,0.0013
2671.572,5.706,65.9463,0.136,0.0556,2.5584,0.002,4,0.5924,0.1102,0.2053,0.0035
2671.7244,5.7899,67.7994,0.1296,0.0877,2.5599,0.1858,2,0.0356,0.3757,0.1519,0.3245
2671.8768,5.8221,64.1234,0.118,0.0922,2.5614,0.2733,2,0.3802,0.264,0.0942,0.1543
2672.0292,5.6103,65.5049,0.1091,0.1058,2.5606,0.3139,2,0.0204,0.3872,0.0711,0.404
2672.1816,5.447,67.1106,0.1051,0.1042,2.5501,0.2254,2,0.0,0.3276,0.0814,0.4736
2672.334,5.5721,66.3584,0.1011,0.1023,2.5396,0.3082,6,0.0,0.2893,0.0796,0.516
2672.4864,5.8303,66.6744,0.1052,0.0958,2.529,0.3762,6,0.0,0.2535,0.1049,0.5289
2672.6388,5.8373,69.4267,0.1133,0.0847,2.5126,0.3753,6,0.0,0.1709,0.1614,0.557
2672.7912,5.8174,72.8885,0.1208,0.0612,2.4955,0.3901,6,0.0,0.0437,0.2505,0.6043
2672.9436,5.7792,74.2315,0.125,0.0562,2.4785,0.3889,6,0.0,0.0018,0.2812,0.6155
2673.096,5.6727,73.4667,0.1251,0.0582,2.4747,0.4069,6,0.0,0.0,0.273,0.6249
2673.2484,5.6696,72.6602,0.1211,0.0589,2.4787,0.4402,6,0.0,0.0,0.26,0.6393
2673.4008,5.6857,73.5683,0.117,0.0618,2.4826,0.4435,6,0.0,0.0,0.2521,0.6455
2673.5532,5.7013,72.2878,0.1123,0.0563,2.4893,0.5079,6,0.0,0.0,0.2499,0.6537
2673.7056,5.682,70.9615,0.1074,0.0447,2.5009,0.6364,6,0.0012,0.0,0.2595,0.653
2673.858,5.6288,68.6329,0.1008,0.0398,2.5126,0.7738,6,0.0679,0.0,0.2439,0.6092
2674.0104,5.7151,68.881,0.0984,0.0364,2.5231,0.8395,6,0.0035,0.0287,0.2492,0.642
2674.1628,5.7684,69.3241,0.1002,0.0463,2.5191,0.7088,6,0.0,0.0463,0.232,0.638
2674.3152,5.7857,70.3201,0.1052,0.0477,2.5151,0.6797,6,0.0,0.0426,0.242,0.6287
2674.4676,5.8019,70.0412,0.1094,0.0297,2.5111,0.983,6,0.0203,0.0022,0.2895,0.6117
2674.62,5.8011,70.0306,0.1188,0.0228,2.5053,1.0,6,0.0189,0.0,0.3309,0.5742
2674.7724,5.7998,69.7285,0.1229,0.0192,2.499,0.9999,6,0.0008,0.0021,0.3565,0.564
2674.9248,5.7986,71.7237,0.13,0.0134,2.4926,0.9999,6,0.0,0.0001,0.4045,0.517
2675.0772,5.7973,71.8589,0.1347,0.0078,2.4937,0.9999,2,0.0,0.0,0.4315,0.4913
2675.2296,5.7959,69.6727,0.1402,0.0025,2.502,0.9996,2,0.0,0.0355,0.4395,0.4518
2675.382,5.7947,68.9828,0.1393,0.0001,2.5104,1.0,2,0.0,0.058,0.441,0.43
2675.5344,5.7934,69.4473,0.1328,0.0,2.5181,1.0,2,0.0,0.0501,0.4317,0.4487
2675.6868,5.7912,69.4563,0.1232,0.0,2.5238,1.0,2,0.0,0.0315,0.415,0.4867
2675.8392,5.7724,69.3033,0.114,0.0013,2.5296,0.9993,6,0.0,0.0189,0.3929,0.5238
2675.9916,5.7537,68.8047,0.1085,0.0075,2.5353,0.9998,6,0.0,0.0346,0.3554,0.5455
2676.144,5.7501,66.1835,0.0998,0.016,2.5444,0.9999,6,0.0057,0.0826,0.2966,0.5515
2676.2964,5.7489,64.1133,0.0985,0.0245,2.5537,1.0,2,0.3925,0.0031,0.2377,0.304
2676.4488,5.747,65.3571,0.0965,0.0265,2.5631,0.9928,2,0.3105,0.0365,0.2311,0.3582
2676.6012,5.7281,65.1736,0.0939,0.0566,2.5706,0.591,2,0.0157,0.2438,0.1613,0.4967
2676.7536,5.7274,61.6814,0.0944,0.0714,2.5773,0.9022,4,0.5435,0.1408,0.0877,0.1425
2676.906,5.76,61.9746,0.0943,0.0814,2.584,0.8253,2,0.1697,0.3263,0.0767,0.3336
2677.0584,5.7603,63.3561,0.0924,0.0717,2.5841,0.5878,2,0.0053,0.3409,0.1107,0.4536
2677.2108,5.7937,63.9937,0.0928,0.0624,2.5736,0.5284,2,0.0088,0.2798,0.1391,0.4874
2677.3632,5.7935,65.474,0.0926,0.0223,2.5632,0.9771,2,0.2972,0.0157,0.2361,0.3908
2677.5156,5.7915,66.2367,0.0942,0.0139,2.5549,0.9999,2,0.2177,0.0001,0.2693,0.4558
2677.668,5.7906,66.1454,0.0917,0.0048,2.5656,0.9998,6,0.0113,0.0788,0.2969,0.5604
2677.8204,5.7884,65.7744,0.088,0.0009,2.5764,1.0,6,0.0005,0.0944,0.2947,0.5621
2677.9728,5.8209,63.9249,0.0843,0.0001,2.5871,0.9956,2,0.2654,0.0292,0.2673,0.3952
2678.1252,5.7903,63.2602,0.0828,0.0065,2.5906,0.4424,2,0.416,0.0024,0.2348,0.3025
2678.2776,5.8918,61.4742,0.0823,0.0382,2.5926,0.2847,4,0.5271,0.0641,0.1449,0.2023
2678.43,5.8742,61.5432,0.082,0.0692,2.5946,0.2247,2,0.0269,0.3432,0.0888,0.4576
2678.5824,5.8546,62.7466,0.0821,0.0761,2.594,0.2035,2,0.0,0.3538,0.0808,0.4763
2678.7348,5.8182,63.4178,0.0821,0.0766,2.5914,0.1851,2,0.0,0.3386,0.0845,0.4868
2678.8872,5.8157,64.2419,0.0816,0.0721,2.5887,0.1618,6,0.0,0.3073,0.0997,0.5049
2679.0396,5.8139,63.4824,0.0815,0.0673,2.5888,0.1573,6,0.0,0.3058,0.1061,0.5037
2679.192,5.7083,62.0658,0.0819,0.0628,2.5969,0.1803,2,0.0,0.3359,0.1072,0.4769
2679.3444,5.7047,62.0543,0.0822,0.0611,2.605,0.3841,2,0.0,0.3556,0.1092,0.4566
2679.4968,5.7033,61.4177,0.0826,0.0614,2.6131,0.5008,2,0.0,0.3887,0.1034,0.4299
2679.6492,5.7023,60.5808,0.0831,0.0615,2.6213,0.5349,2,0.0,0.4243,0.097,0.4016
2679.8016,5.7182,60.5417,0.0831,0.0611,2.6295,0.5599,2,0.0,0.4469,0.0953,0.3814
2679.954,5.7171,59.6424,0.0823,0.072,2.6377,0.5521,1,0.0,0.5066,0.0616,0.3498
2680.1064,5.7164,59.1458,0.0817,0.0773,2.6461,0.5269,1,0.0,0.5479,0.0434,0.3244
2680.2588,5.7325,58.811,0.081,0.0688,2.6545,0.5246,1,0.0,0.5516,0.0581,0.3121
2680.4112,5.7312,57.5401,0.0808,0.0565,2.663,0.5534,2,0.1632,0.4955,0.0716,0.2017
2680.5636,5.7296,56.9851,0.0808,0.0396,2.6677,0.671,2,0.4999,0.3401,0.0954,0.0096
2680.716,5.7285,57.1347,0.0808,0.0326,2.6673,0.7682,4,0.531,0.307,0.1115,0.0
2680.8684,5.7271,57.4341,0.0808,0.0259,2.6669,0.9122,4,0.5469,0.2781,0.1285,0.0
2681.0208,5.7256,57.0905,0.0808,0.023,2.6644,0.9968,4,0.5612,0.2591,0.1348,0.0003
2681.1732,5.7426,59.1424,0.0811,0.0206,2.6488,0.9963,2,0.4903,0.2163,0.1581,0.0893
2681.3256,5.7586,58.0412,0.0813,0.022,2.6332,0.4269,4,0.7,0.1027,0.145,0.007
2681.478,5.7581,60.3053,0.0816,0.0306,2.6176,0.6873,4,0.558,0.1154,0.1474,0.125
2681.6304,5.7918,61.0879,0.0824,0.0435,2.602,0.6647,2,0.417,0.153,0.1314,0.2339
2681.7828,5.809,60.4149,0.083,0.0504,2.5864,0.3795,4,0.7495,0.0091,0.1053,0.0688
2681.9352,5.8091,61.779,0.0848,0.0712,2.5708,0.3212,2,0.3655,0.157,0.0836,0.3092
2682.0876,5.8559,65.2579,0.0869,0.0755,2.5531,0.3505,6,0.0186,0.216,0.1129,0.5589
2682.24,5.7499,65.7976,0.0925,0.0736,2.5337,0.4478,6,0.0,0.1766,0.1334,0.595
2682.3924,5.6778,66.7472,0.0974,0.065,2.5144,0.5845,2,0.255,0.0078,0.1617,0.4845
2682.5448,5.6613,66.9773,0.1035,0.062,2.4943,0.6498,6,0.1943,0.0,0.1864,0.5273
2682.6972,5.8507,67.1827,0.112,0.0495,2.4723,0.7239,6,0.0789,0.0,0.2388,0.5944
2682.8496,5.8548,67.388,0.1195,0.0421,2.4504,0.7722,6,0.0038,0.0,0.2774,0.632
2683.002,5.9224,67.5934,0.1321,0.031,2.4287,0.8938,6,0.0018,0.0,0.3308,0.5831
2683.1544,5.9038,67.7987,0.1747,0.0196,2.4183,0.9963,2,0.2129,0.0,0.4114,0.29
2683.3068,5.8681,68.0041,0.2288,0.0085,2.408,0.9999,5,0.3915,0.0,0.5042,0.0148
2683.4592,5.8831,68.2091,0.2225,0.0096,2.3977,0.9999,5,0.4054,0.0,0.504,0.0
2683.6116,5.8829,68.4148,0.1866,0.0095,2.4237,0.9999,2,0.2346,0.0,0.4673,0.2135
2683.764,5.9192,68.6202,0.1475,0.0094,2.4631,0.9999,2,0.0395,0.0001,0.4209,0.4624
2683.9164,6.0781,68.8221,0.1251,0.0087,2.5024,0.9999,6,0.0011,0.0079,0.3885,0.5315
2684.0688,6.2669,68.7759,0.099,0.0086,2.5425,0.9999,6,0.0,0.0282,0.3457,0.562
2684.2212,6.2189,67.1837,0.0909,0.005,2.5834,0.9998,6,0.0,0.1227,0.3199,0.5009
2684.3736,5.9887,62.6507,0.086,0.0094,2.6243,0.9999,2,0.0025,0.2842,0.2493,0.4145
2684.526,5.91,57.8674,0.0844,0.0126,2.6569,0.9997,4,0.5466,0.2158,0.1751,0.0217
2684.6784,5.8376,57.995,0.083,0.0351,2.6489,0.9855,4,0.5968,0.233,0.1163,0.0
2684.8308,5.9413,59.9474,0.0824,0.055,2.6408,0.6826,2,0.0325,0.4556,0.1012,0.3394
2684.9832,5.9895,59.2578,0.0823,0.0548,2.6328,0.6854,2,0.2317,0.3635,0.0933,0.2417
2685.1356,5.6771,59.9092,0.0827,0.0364,2.6346,0.8727,2,0.316,0.2811,0.1369,0.2076
2685.288,5.6857,59.5528,0.0829,0.0123,2.6376,0.9936,4,0.6569,0.0999,0.1811,0.0207
2685.4404,5.7026,59.1209,0.0827,0.0108,2.6406,0.9999,4,0.6773,0.1011,0.1813,0.0004
2685.5928,5.7709,58.9292,0.0823,0.0087,2.6481,0.9999,4,0.6124,0.1447,0.1855,0.0188
2685.7452,5.7539,56.116,0.0815,0.0101,2.6585,0.9951,4,0.601,0.2024,0.1598,0.001
2685.8976,5.717,56.2427,0.0809,0.0121,2.6689,0.7094,4,0.5608,0.2506,0.1521,0.0
2686.05,5.717,56.3232,0.0808,0.0222,2.6725,0.8134,4,0.5283,0.2994,0.1293,0.0
2686.2024,5.7848,55.5763,0.0808,0.0318,2.6621,0.3801,4,0.554,0.2932,0.1043,0.0
2686.3548,5.7667,57.3185,0.0812,0.0295,2.6518,0.3335,4,0.6077,0.222,0.1213,0.0
2686.5072,5.748,58.9469,0.0817,0.0205,2.641,0.9645,4,0.6686,0.1289,0.1544,0.0027
2686.6596,5.7462,58.8273,0.0826,0.012,2.6229,0.9999,4,0.7661,0.018,0.1756,0.0001
2686.812,5.7446,58.6479,0.0837,0.0082,2.6048,0.9999,4,0.7388,0.0006,0.1949,0.0261
2686.9644,5.7435,58.4685,0.088,0.0102,2.5867,0.9999,4,0.7019,0.0,0.2006,0.0551
2687.1168,5.7416,58.289,0.0905,0.0143,2.5676,0.9999,4,0.6453,0.0,0.2038,0.1038
2687.2692,5.743,58.1096,0.1011,0.018,2.5481,0.9999,4,0.6671,0.0,0.2157,0.0646
2687.4216,5.8305,57.9301,0.1285,0.0187,2.5286,0.9999,4,0.6895,0.0,0.2491,0.0027
2687.574,6.0216,57.7506,0.1296,0.0179,2.5402,0.9999,4,0.6832,0.0005,0.2571,0.0
2687.7264,6.0167,57.5712,0.1204,0.0215,2.5848,1.0,4,0.5363,0.1686,0.2351,0.0006
2687.8788,5.6924,57.3917,0.0991,0.0307,2.6294,1.0,2,0.4099,0.3144,0.1796,0.0365
2688.0312,5.6613,57.0554,0.0927,0.0378,2.6632,1.0,1,0.111,0.517,0.146,0.1648
2688.1836,5.6696,52.1159,0.0873,0.0482,2.6551,1.0,2,0.472,0.4006,0.061,0.0084
2688.336,5.6602,57.1226,0.0871,0.0609,2.6471,1.0,4,0.5126,0.355,0.061,0.0008
2688.4884,5.6603,58.6571,0.0903,0.0699,2.639,0.8404,2,0.2821,0.4364,0.0614,0.1403
2688.6408,5.67,59.7496,0.0941,0.08,2.6256,0.7129,2,0.1342,0.4817,0.0573,0.2376
2688.7932,5.6792,60.1292,0.0957,0.0811,2.6118,0.6698,2,0.2783,0.3904,0.0577,0.1832
2688.9456,5.6608,62.1531,0.0953,0.0835,2.598,0.5931,2,0.015,0.4335,0.0757,0.3802
2689.098,5.6701,62.9323,0.0946,0.0873,2.5876,0.57,2,0.0,0.4077,0.0734,0.4198
2689.2504,5.689,61.8156,0.0935,0.0914,2.5791,0.582,2,0.1292,0.3542,0.0541,0.3624
2689.4028,5.6799,63.8544,0.0918,0.0874,2.5706,0.3308,2,0.0064,0.3357,0.0793,0.4784
2689.5552,5.6609,65.2432,0.0926,0.0843,2.5623,0.3122,6,0.0,0.2909,0.0981,0.511
2689.7076,5.679,65.1849,0.0938,0.0814,2.5544,0.3076,6,0.0,0.2666,0.1083,0.5263
2689.86,5.67,67.1773,0.0953,0.0753,2.5466,0.2877,6,0.0,0.2081,0.1375,0.5569
2690.0124,5.6609,67.4758,0.095,0.0731,2.5378,0.2823,6,0.0,0.1718,0.147,0.5845
2690.1648,5.6792,66.9572,0.0959,0.0856,2.5195,0.2824,6,0.0007,0.1645,0.1201,0.6099
2690.3172,5.67,66.2925,0.0957,0.1013,2.5012,0.2855,6,0.0417,0.1465,0.0827,0.6145
2690.4696,5.6607,68.3828,0.0985,0.1018,2.4829,0.2684,6,0.0022,0.0944,0.1032,0.6818
2690.622,5.67,72.7745,0.1012,0.1013,2.459,0.2135,6,0.0,0.0041,0.1415,0.7304
2690.7744,5.6792,75.346,0.1075,0.1124,2.4337,0.1655,6,0.0,0.0,0.1492,0.7145
2690.9268,5.6609,77.7484,0.1128,0.1278,2.4085,0.1328,6,0.0,0.0,0.1439,0.7053
2691.0792,5.6699,80.5992,0.1155,0.1438,2.3923,0.1121,6,0.0,0.0,0.1331,0.7017
2691.2316,5.6605,82.8239,0.1184,0.1535,2.3845,0.0959,6,0.0,0.0,0.1303,0.6952
2691.384,5.6671,83.2047,0.1181,0.1619,2.3768,0.091,6,0.0,0.0,0.1151,0.7045
2691.5364,5.7026,83.1468,0.1164,0.1677,2.3711,0.0861,6,0.0,0.0,0.1012,0.7148
2691.6888,5.7726,85.3661,0.1172,0.1698,2.3721,0.0645,6,0.0,0.0,0.1111,0.7012
2691.8412,5.8428,85.7341,0.1187,0.1672,2.373,0.044,6,0.0,0.0,0.1211,0.6923
2691.9936,5.8403,82.7246,0.1211,0.1677,2.374,0.04,6,0.0,0.0,0.1018,0.7141
2692.146,5.7525,83.302,0.1252,0.1697,2.3744,0.0277,6,0.0,0.0,0.1051,0.7083
2692.2984,5.697,87.2349,0.1276,0.1724,2.3748,0.0039,6,0.0,0.0,0.1267,0.6806
2692.4508,5.8305,87.0315,0.1263,0.1756,2.3753,0.0003,6,0.0,0.0,0.116,0.6898
2692.6032,5.7315,82.7691,0.1259,0.1791,2.3692,0.0139,6,0.0,0.0,0.0809,0.727
2692.7556,5.7446,83.3028,0.1222,0.1857,2.3602,0.0157,6,0.0,0.0,0.0677,0.7357
2692.908,5.7257,85.8217,0.1217,0.1888,2.3511,0.0029,6,0.0,0.0,0.0803,0.7181
2693.0604,5.6888,85.6324,0.1195,0.1871,2.3505,0.0001,6,0.0,0.0,0.0802,0.7199
2693.2128,5.6522,79.4191,0.1164,0.1756,2.3628,0.0138,6,0.0,0.0,0.0596,0.7553
2693.3652,5.6495,78.2294,0.1198,0.1628,2.375,0.0021,6,0.0,0.0,0.0815,0.7426
2693.5176,5.6481,81.5829,0.1167,0.1555,2.3914,0.0001,6,0.0,0.0,0.1108,0.7159
2693.67,5.6468,81.4037,0.1147,0.1299,2.4392,0.0,6,0.0,0.0,0.1506,0.6953
2693.8224,5.6484,77.5045,0.1032,0.0971,2.4869,0.0,6,0.0,0.0013,0.1737,0.7
2693.9748,5.9087,71.9165,0.0989,0.0791,2.5347,0.0,6,0.0,0.1331,0.1647,0.5966
2694.1272,5.9464,67.2149,0.0962,0.0747,2.5747,0.1459,2,0.0,0.2859,0.1338,0.484
2694.2796,5.8587,62.0786,0.0946,0.0726,2.6131,0.5832,2,0.0,0.4498,0.0971,0.3649
2694.432,5.7695,58.6594,0.0927,0.0611,2.6515,0.8429,2,0.2742,0.4585,0.0825,0.1105
2694.5844,5.7649,56.9508,0.0902,0.0548,2.6699,0.9796,2,0.3963,0.4567,0.0751,0.005
2694.7368,5.6943,56.6351,0.0883,0.0602,2.6723,0.9048,2,0.3934,0.4799,0.0572,0.0
2694.8892,5.6916,55.8219,0.0869,0.0696,2.6747,0.8129,1,0.3679,0.5255,0.0292,0.0032
2695.0416,5.6902,56.3095,0.0858,0.0826,2.6751,0.689,1,0.0357,0.6803,0.0113,0.1883
2695.194,5.6874,56.2704,0.0856,0.0876,2.6705,0.6218,1,0.0346,0.6811,0.0004,0.1963
2695.3464,5.6342,56.5495,0.0857,0.0895,2.6659,0.5605,1,0.0037,0.6818,0.0,0.225
2695.4988,5.6137,57.4498,0.0856,0.0922,2.6613,0.4932,1,0.0001,0.6648,0.0,0.2429
2695.6512,5.631,58.2812,0.0863,0.0959,2.6492,0.5248,1,0.0,0.6323,0.0002,0.2716
2695.8036,5.6648,59.632,0.0875,0.0956,2.637,0.5574,1,0.0,0.5844,0.0132,0.3048
2695.956,5.6823,59.1193,0.0882,0.0912,2.6248,0.6112,1,0.0026,0.5474,0.0246,0.3301
2696.1084,5.7156,60.6554,0.0889,0.0842,2.6069,0.6392,2,0.0001,0.4625,0.0557,0.3885
2696.2608,5.7151,62.5898,0.0921,0.0769,2.5866,0.5867,2,0.0003,0.3728,0.093,0.4421
2696.4132,5.6958,63.9221,0.0938,0.069,2.5663,0.3778,2,0.0843,0.2519,0.1239,0.451
2696.5656,5.6767,66.157,0.0978,0.0684,2.5426,0.3359,6,0.0065,0.1989,0.1522,0.5495
2696.718,5.6752,67.9896,0.1013,0.0617,2.5145,0.3224,6,0.1088,0.0531,0.1867,0.5597
2696.8704,5.71,67.6571,0.108,0.0573,2.4863,0.309,6,0.1294,0.0024,0.2124,0.5643
2697.0228,5.7617,74.3443,0.116,0.0473,2.4592,0.2047,6,0.0062,0.0,0.3047,0.5929
2697.1752,5.7626,81.6402,0.126,0.0403,2.4377,0.2042,6,0.0,0.0,0.3928,0.5038
2697.3276,5.8207,81.3181,0.1369,0.0343,2.4163,0.3553,2,0.0,0.0,0.4277,0.4693
2697.48,6.1,81.5101,0.1473,0.0401,2.3948,0.4448,2,0.0,0.0,0.4347,0.4554
2697.6324,6.098,81.1175,0.1552,0.0404,2.3938,0.5427,2,0.0,0.0,0.4405,0.4483
2697.7848,6.0396,83.7655,0.1703,0.0378,2.3959,0.5743,2,0.0,0.0,0.48,0.4052
2697.9372,5.8008,85.9495,0.1878,0.0288,2.3979,0.6936,5,0.0,0.0,0.5346,0.3508
2698.0896,6.3444,80.5558,0.22,0.0158,2.3813,0.9844,5,0.0,0.10665,0.5753,0.3166
2698.242,6.8338,80.0718,0.2943,0.0007,2.3515,1.0,5,0.0,0.10665,0.6703,0.2245
2698.3944,7.3065,79.7731,0.3432,0.0,2.3217,1.0,5,0.0,0.10665,0.6896,0.2031
2698.5468,7.2053,79.4744,0.3739,0.0,2.3024,1.0,5,0.0,0.10665,0.6979,0.1935
2698.6992,6.8331,79.1763,0.4072,0.0,2.3065,1.0,5,0.0,0.10665,0.6982,0.1931
2698.8516,6.0009,78.877,0.4394,0.0,2.3106,1.0,5,0.0,0.10665,0.6822,0.2117
2699.004,6.296,78.5783,0.4159,0.0,2.3155,1.0,5,0.0,0.10665,0.6874,0.2056
2699.1564,7.1373,78.2796,0.2959,0.0,2.3507,1.0,5,0.0,0.10665,0.6933,0.1988
2699.3088,7.2878,77.9809,0.2322,0.0,2.3859,1.0,5,0.0,0.10665,0.6831,0.2105
2699.4612,8.2632,77.6822,0.1871,0.0,2.421,1.0,5,0.0,0.10665,0.6698,0.226
2699.6136,6.2713,77.0587,0.1374,0.0,2.5055,1.0,5,0.0,0.10665,0.6232,0.2798
2699.766,6.2431,65.1677,0.1137,0.0006,2.6068,1.0,6,0.0,0.10665,0.4227,0.5005
2699.9184,5.6503,64.3025,0.0956,0.0334,2.7081,1.0,2,0.0,0.10665,0.2576,0.0741
2700.0708,5.6819,63.796,0.0905,0.0392,2.7399,1.0,1,0.0,0.6796,0.2069,0.0411
2700.2232,5.7856,63.2894,0.087,0.0413,2.6917,1.0,1,0.0,0.5517,0.1817,0.1961
2700.3756,5.8366,62.7829,0.0871,0.0439,2.6435,1.0,2,0.0,0.4253,0.1545,0.3515
2700.528,5.7483,62.2763,0.0885,0.0798,2.6047,0.5116,2,0.0,0.4274,0.0749,0.4059
2700.6804,5.6568,61.7698,0.0877,0.097,2.6076,0.4508,2,0.0,0.4782,0.0302,0.3897
2700.8328,5.6529,61.2632,0.0865,0.1049,2.6105,0.4338,1,0.0,0.509,0.0064,0.3787
2700.9852,5.5859,60.7567,0.0849,0.0998,2.6134,0.4331,1,0.0,0.5055,0.0126,0.3801
2701.1376,5.6877,60.2449,0.0837,0.0884,2.6206,0.4757,2,0.0,0.4986,0.0328,0.3749
2701.29,5.7939,59.3043,0.0828,0.0815,2.6281,0.5251,1,0.0,0.5111,0.0406,0.3603
2701.4424,5.8636,59.2191,0.0825,0.0741,2.6357,0.5744,1,0.0,0.513,0.0551,0.349
2701.5948,5.7577,59.2136,0.0823,0.0729,2.6368,0.5934,1,0.0,0.5122,0.0571,0.3486
2701.7472,5.6836,56.9717,0.0822,0.063,2.6339,0.707,4,0.5795,0.2786,0.0481,0.0229
2701.8996,5.627,58.9393,0.0824,0.0644,2.631,0.6608,2,0.2153,0.3948,0.0695,0.2448
2702.052,5.6256,60.0105,0.0827,0.0709,2.6276,0.602,2,0.0092,0.4691,0.069,0.3707
2702.2044,5.6242,60.6138,0.0832,0.0785,2.6233,0.5473,2,0.0,0.4741,0.0568,0.3814
2702.3568,5.6228,60.841,0.0839,0.0794,2.619,0.5193,2,0.0,0.4637,0.0583,0.3893
2702.5092,5.6214,61.2212,0.0854,0.0786,2.6136,0.4891,2,0.0,0.4435,0.0659,0.4015
2702.6616,5.6198,63.3051,0.086,0.0752,2.5899,0.2189,2,0.0,0.3474,0.0922,0.4704
2702.814,5.6189,63.4381,0.0872,0.0806,2.5663,0.1972,6,0.0,0.2975,0.0884,0.5193
2702.9664,5.6175,67.3806,0.0909,0.081,2.5426,0.1494,6,0.0,0.1945,0.1207,0.5844
2703.1188,5.6162,67.671,0.0954,0.0849,2.5286,0.1315,6,0.0,0.1769,0.1236,0.5949
2703.2712,5.6153,69.0048,0.1049,0.0927,2.5173,0.1061,6,0.0,0.1805,0.1278,0.5785
2703.4236,5.6309,69.9917,0.1095,0.1017,2.5061,0.0956,6,0.0,0.1752,0.1212,0.5824
2703.576,5.6299,70.8915,0.1072,0.0972,2.5091,0.0834,6,0.0,0.1534,0.1335,0.5945
2703.7284,5.6284,70.5393,0.1047,0.0727,2.5265,0.0454,6,0.0075,0.1321,0.1812,0.5775
2703.8808,5.6095,66.9294,0.1103,0.0419,2.544,0.0018,2,0.4246,0.0053,0.2212,0.2714
2704.0332,5.6079,65.9728,0.117,0.0239,2.5616,0.0,4,0.5578,0.0,0.2571,0.1199
2704.1856,5.6064,66.3555,0.118,0.0103,2.5798,0.0001,4,0.5824,0.0006,0.2857,0.0752
2704.338,5.605,62.6552,0.1173,0.0028,2.598,0.0004,4,0.6444,0.0328,0.2734,0.0027
2704.4904,5.604,61.2913,0.1105,0.0017,2.6162,0.945,4,0.6091,0.0908,0.2571,0.0
2704.6428,5.6024,60.5813,0.1023,0.0046,2.6321,0.7002,4,0.5915,0.1355,0.2312,0.0
2704.7952,5.6014,57.7051,0.0981,0.0296,2.6479,0.6538,2,0.4954,0.3014,0.1496,0.0
2704.9476,5.6171,55.3248,0.0951,0.0463,2.6638,0.6353,2,0.408,0.4393,0.0917,0.0
2705.1,5.6163,56.8726,0.0924,0.0532,2.663,0.5979,2,0.4206,0.4315,0.0816,0.0
2705.2524,5.615,57.8798,0.0933,0.0643,2.6535,0.5651,2,0.4224,0.428,0.0653,0.0095
2705.4048,5.6134,58.2945,0.0936,0.0828,2.644,0.516,1,0.1845,0.5383,0.0356,0.1531
2705.5572,5.6123,59.3016,0.0973,0.0939,2.6348,0.5039,1,0.0063,0.6105,0.0286,0.2562
2705.7096,5.5934,59.9609,0.1009,0.1001,2.6259,0.5292,1,0.0,0.6077,0.025,0.2632
2705.862,5.5914,60.7174,0.1033,0.1052,2.6171,0.5504,1,0.0,0.5958,0.0233,0.2719
2706.0144,5.59,61.5924,0.1113,0.1149,2.6083,0.5465,1,0.0,0.6121,0.018,0.2521
2706.1668,5.5894,60.8812,0.1229,0.1212,2.5993,0.5501,1,0.3344,0.5213,0.0055,0.0168
2706.3192,5.6055,63.6819,0.1312,0.128,2.5903,0.5149,1,0.0129,0.6333,0.0295,0.1915
2706.4716,5.604,64.4693,0.1343,0.1212,2.5813,0.5297,1,0.005,0.5941,0.057,0.2135
2706.624,5.6026,64.1019,0.1345,0.1014,2.5723,0.5833,2,0.4271,0.3571,0.0893,0.0108
2706.7764,5.6015,64.8861,0.1325,0.0862,2.5633,0.3608,4,0.5343,0.2342,0.1252,0.0
2706.9288,5.6178,65.75,0.1282,0.056,2.5543,0.3942,4,0.6668,0.0514,0.1931,0.0016
2707.0812,5.6343,66.5705,0.1256,0.0405,2.5419,0.4273,4,0.5867,0.0017,0.2381,0.0948
2707.2336,5.6511,68.2599,0.1288,0.0212,2.5266,0.476,2,0.351,0.0,0.3099,0.2682
2707.386,5.6502,70.5683,0.1349,0.0194,2.5113,0.3172,2,0.2049,0.0,0.3441,0.3763
2707.5384,5.6488,70.9468,0.1435,0.0265,2.5041,0.4125,2,0.2689,0.0,0.3402,0.3098
2707.6908,5.648,70.2603,0.1446,0.0281,2.5206,0.9713,2,0.4034,0.0019,0.3259,0.1884
2707.8432,5.6635,69.7723,0.1377,0.043,2.5371,1.0,2,0.194,0.1388,0.2841,0.2944
2707.9956,5.6625,66.7933,0.1221,0.0594,2.5536,1.0,2,0.0067,0.2864,0.2162,0.3965
2708.148,5.6618,64.0213,0.1072,0.0586,2.571,1.0,2,0.0695,0.2925,0.1745,0.3769
2708.3004,5.678,62.8765,0.0978,0.0517,2.5885,1.0,2,0.0032,0.3324,0.1693,0.4162
2708.4528,5.6772,60.9493,0.0968,0.0422,2.6059,1.0,2,0.1854,0.3062,0.172,0.2666
2708.6052,5.6947,61.4647,0.1028,0.0365,2.5954,1.0,2,0.4097,0.1901,0.1926,0.1401
2708.7576,5.7631,62.1185,0.1206,0.0329,2.5724,1.0,4,0.6247,0.0773,0.2243,0.0049
2708.91,5.7632,63.3561,0.1349,0.0295,2.5494,1.0,4,0.6498,0.0185,0.2597,0.0008
2709.0624,5.762,67.7596,0.1452,0.0282,2.5265,1.0,4,0.5572,0.0007,0.3133,0.0503
2709.2148,5.7787,69.9823,0.1674,0.0343,2.5038,1.0,4,0.5621,0.0,0.3462,0.0018
2709.3672,5.8119,70.715,0.2033,0.0409,2.481,0.9957,2,0.464,0.0531,0.3808,0.0
2709.5196,5.8117,74.4595,0.2318,0.0614,2.4598,0.7615,2,0.3243,0.1514,0.3989,0.0
2709.672,5.7926,77.5752,0.2474,0.088,2.4489,0.9874,2,0.2049,0.2605,0.3848,0.0
2709.8244,5.7899,78.0914,0.2593,0.1213,2.4379,0.8835,2,0.1058,0.3891,0.3308,0.0
2709.9768,5.7352,78.2,0.263,0.1436,2.427,0.8524,2,0.0858,0.4371,0.2874,0.0
2710.1292,5.6466,77.8643,0.2488,0.1514,2.4284,0.782,2,0.1663,0.3952,0.2474,0.0
2710.2816,5.6421,78.5676,0.2498,0.1589,2.4321,0.6725,2,0.1376,0.4319,0.2341,0.0
2710.434,5.6407,77.6652,0.2301,0.1492,2.4358,0.6168,2,0.2841,0.3096,0.2214,0.0002
2710.5864,5.6399,76.517,0.2056,0.1253,2.4596,0.3698,2,0.2518,0.2613,0.2319,0.0925
2710.7388,5.656,69.4821,0.1559,0.073,2.4986,0.5343,4,0.6475,0.0095,0.2296,0.0036
2710.8912,5.6549,69.9041,0.1307,0.0225,2.5377,0.9778,2,0.3523,0.0007,0.3176,0.2558
2711.0436,5.6539,65.3374,0.1126,0.0143,2.5715,0.9999,2,0.3797,0.0574,0.2852,0.2177
2711.196,5.6719,64.2899,0.095,0.0105,2.5923,0.9999,2,0.0139,0.2044,0.2746,0.4524
2711.3484,5.7734,61.2934,0.0883,0.01,2.613,0.9999,2,0.0936,0.2455,0.2423,0.3697
2711.5008,5.7756,59.677,0.0864,0.0078,2.6336,0.9999,2,0.2125,0.2629,0.226,0.2546
2711.6532,5.74,59.5549,0.0856,0.0085,2.638,0.9999,2,0.214,0.2773,0.2197,0.2452
2711.8056,5.7547,59.3905,0.0877,0.0093,2.6424,0.9999,2,0.2946,0.2687,0.2144,0.1786
2711.958,5.7535,59.1191,0.0896,0.0098,2.6468,0.9999,2,0.3716,0.262,0.2098,0.1131
2712.1104,5.7524,58.5194,0.0885,0.0112,2.6491,0.9999,2,0.4399,0.2497,0.1991,0.0681
2712.2628,5.751,57.7183,0.0871,0.0133,2.6505,0.9999,4,0.5462,0.2236,0.1842,0.0031
2712.4152,5.7496,57.2544,0.0863,0.0164,2.652,0.9999,4,0.5558,0.2315,0.1691,0.0
2712.5676,5.748,58.0905,0.0854,0.0176,2.6516,0.9999,4,0.5773,0.2121,0.1663,0.0
2712.72,5.7467,57.3839,0.0842,0.0188,2.6489,0.9999,4,0.605,0.1962,0.1551,0.0
2712.8724,5.7805,58.1383,0.0838,0.0169,2.6462,0.9999,4,0.6251,0.168,0.1637,0.0
2713.0248,5.7803,58.8503,0.0843,0.0163,2.64,0.9999,4,0.6541,0.1302,0.1717,0.0001
2713.1772,5.7787,59.8169,0.086,0.0211,2.6162,1.0,4,0.7318,0.0429,0.1722,0.0043
2713.3296,5.7598,60.7531,0.0901,0.025,2.5924,1.0,4,0.7105,0.002,0.1811,0.0523
2713.482,5.7579,63.6984,0.0975,0.0247,2.5685,1.0,4,0.511,0.0,0.2219,0.2068
2713.6344,5.7567,65.5247,0.1151,0.0308,2.5224,1.0,2,0.3755,0.0,0.2548,0.298
2713.7868,5.7553,70.1986,0.152,0.0457,2.4732,0.6941,2,0.3091,0.0,0.3093,0.2863
2713.9392,5.754,74.5381,0.1734,0.0452,2.4241,0.6552,2,0.0448,0.0,0.3872,0.4607
2714.0916,5.7728,74.7991,0.2126,0.052,2.4056,0.5828,2,0.3479,0.0,0.4198,0.113
2714.244,5.8578,75.0385,0.2505,0.0297,2.4075,0.824,5,0.3677,0.0,0.5152,0.0048
2714.3964,5.8586,75.2778,0.2665,0.019,2.4094,0.994,5,0.3203,0.0,0.5693,0.0
2714.5488,5.86,75.5172,0.258,0.0185,2.4138,0.9999,5,0.3155,0.0,0.5739,0.0
2714.7012,5.9497,75.7565,0.2389,0.0248,2.4234,1.0,5,0.3445,0.0,0.5426,0.001
2714.8536,6.5416,75.9958,0.2089,0.0298,2.433,1.0,5,0.191,0.0001,0.5086,0.1888
2715.006,6.5655,76.3603,0.1889,0.0366,2.441,1.0,2,0.0098,0.0272,0.4766,0.3734
2715.1584,6.1962,81.1361,0.1596,0.0422,2.4104,1.0,2,0.0,0.0011,0.4665,0.4154
2715.3108,5.7696,83.6444,0.1458,0.0484,2.3797,1.0,2,0.0,0.0,0.4566,0.4218
2715.4632,5.5968,85.8398,0.1408,0.0566,2.3491,0.9989,2,0.0,0.0,0.4429,0.4294
2715.6156,5.6278,86.018,0.142,0.0708,2.3509,0.911,2,0.0,0.0,0.403,0.4615
2715.768,5.68,85.0017,0.1444,0.0924,2.3629,0.7916,6,0.0,0.0,0.3381,0.5153
2715.9204,5.7154,85.1664,0.1439,0.0983,2.375,0.7873,6,0.0,0.0,0.3177,0.5331
2716.0728,5.7666,82.1559,0.1469,0.0923,2.3803,0.8525,6,0.0,0.0,0.3139,0.5435
2716.2252,5.7674,81.1674,0.1625,0.0852,2.3783,0.8674,6,0.0,0.0,0.3417,0.5183
2716.3776,5.7848,80.3352,0.1792,0.0724,2.3763,0.9303,2,0.0,0.0,0.3872,0.4782
2716.53,5.9236,82.6571,0.1953,0.058,2.3731,0.9668,2,0.0,0.0,0.4579,0.4106
2716.6824,6.5257,82.978,0.2212,0.0419,2.3649,0.9322,5,0.0,0.0,0.5323,0.3404
2716.8348,7.5457,85.1332,0.2529,0.0267,2.3568,0.7217,5,0.0,0.0,0.6217,0.2519
2716.9872,9.1789,81.6542,0.2677,0.0075,2.3486,0.61,5,0.0066,0.0,0.6671,0.2118
2717.1396,9.3028,81.347,0.2909,0.004,2.3217,0.1595,5,0.0679,0.0,0.708,0.1065
2717.292,9.3191,81.1539,0.2832,0.0163,2.2932,0.2788,5,0.0032,0.0,0.6817,0.1894
2717.4444,9.3339,80.9607,0.274,0.0343,2.2646,0.2989,5,0.0,0.0,0.638,0.2253
2717.5968,10.0144,80.7713,0.2682,0.0327,2.2727,0.4512,5,0.0,0.0,0.6305,0.2356
2717.7492,10.3482,80.8217,0.2436,0.0189,2.3018,0.9717,5,0.0,0.0,0.6338,0.2457
2717.9016,10.7643,80.8765,0.2271,0.0189,2.331,0.9999,5,0.0,0.0,0.6187,0.2631
2718.054,11.634,80.9314,0.22,0.017,2.3623,0.9999,5,0.0,0.0,0.6148,0.2696
2718.2064,11.3668,80.9863,0.2085,0.0176,2.3974,0.9999,5,0.0,0.0,0.587,0.3012
2718.3588,6.5045,81.0411,0.1935,0.0244,2.4325,1.0,5,0.0,0.0,0.5301,0.3604
2718.5112,5.6461,81.096,0.1755,0.0273,2.4634,1.0,2,0.0,0.0,0.4889,0.4054
2718.6636,5.5821,81.1509,0.1588,0.0284,2.4402,0.9971,2,0.0,0.0,0.4643,0.4328
2718.816,5.6146,81.2057,0.1433,0.0355,2.4171,0.788,2,0.0,0.0,0.4308,0.4646
2718.9684,5.6143,81.2606,0.1363,0.0754,2.3939,0.398,6,0.0,0.0,0.3327,0.5386
2719.1208,5.6129,81.3218,0.1306,0.1084,2.3773,0.2978,6,0.0,0.0,0.2514,0.5999
2719.2732,5.6115,82.6332,0.1298,0.1295,2.3624,0.2462,6,0.0,0.0,0.2125,0.6239
2719.4256,5.6104,82.9135,0.1317,0.1415,2.3475,0.2087,6,0.0,0.0,0.1932,0.6344
2719.578,5.6264,86.1471,0.1343,0.1336,2.3605,0.1711,6,0.0,0.0,0.2309,0.5985
2719.7304,5.6275,85.5353,0.1308,0.1072,2.4002,0.1697,6,0.0,0.0,0.272,0.5771
2719.8828,5.695,78.2374,0.124,0.0796,2.44,0.2398,6,0.0,0.0,0.2675,0.6099
2720.0352,5.6942,73.6801,0.1156,0.0558,2.4771,0.3282,6,0.0,0.0,0.2705,0.6304
2720.1876,5.6566,71.4188,0.1065,0.0382,2.5058,0.3831,6,0.0029,0.0,0.2762,0.6383
2720.34,5.5843,68.1396,0.1002,0.0305,2.5345,0.4396,6,0.1615,0.0009,0.2532,0.5134
2720.4924,5.5657,65.5079,0.0974,0.0285,2.5632,0.4269,2,0.4074,0.0027,0.2231,0.3025
2720.6448,5.5812,65.2111,0.098,0.0506,2.5503,0.3047,2,0.3789,0.0422,0.1746,0.3258
2720.7972,5.5974,67.1614,0.1003,0.0799,2.5352,0.2167,6,0.0138,0.202,0.1367,0.5457
2720.9496,5.5964,69.4663,0.1202,0.0921,2.5202,0.1531,2,0.0,0.2348,0.1507,0.4982
2721.102,5.5952,69.5991,0.1262,0.0884,2.5223,0.1282,2,0.0,0.2517,0.1681,0.4648
2721.2544,5.5934,69.5761,0.1287,0.0746,2.533,0.0975,2,0.0,0.2542,0.2014,0.4375
2721.4068,5.575,68.5958,0.1346,0.0765,2.5437,0.3465,2,0.0628,0.2978,0.1938,0.3381
2721.5592,5.573,66.5742,0.1375,0.0714,2.5545,0.1502,4,0.5482,0.1606,0.1788,0.0122
2721.7116,5.5721,66.8544,0.1396,0.0991,2.5657,0.2972,2,0.0267,0.4715,0.1328,0.2485
2721.864,5.5879,66.0923,0.1335,0.1032,2.5768,0.2867,1,0.0047,0.512,0.109,0.2537
2722.0164,5.5867,63.5435,0.1319,0.1017,2.5873,0.2859,2,0.3277,0.4372,0.082,0.0383
2722.1688,5.586,64.5139,0.1292,0.1051,2.5919,0.2758,1,0.0179,0.5576,0.085,0.2209
2722.3212,5.6019,64.3993,0.1182,0.0949,2.5966,0.2949,1,0.0,0.5148,0.094,0.2812
2722.4736,5.6009,64.9995,0.1121,0.0839,2.6012,0.306,2,0.0004,0.4695,0.1135,0.3145
2722.626,5.5995,62.2607,0.1062,0.072,2.6115,0.3357,2,0.0943,0.4462,0.1119,0.2577
2722.7784,5.5981,60.447,0.0991,0.0432,2.6229,0.3792,4,0.5685,0.2162,0.1403,0.0094
2722.9308,5.5788,59.7361,0.0957,0.0247,2.6344,0.0194,4,0.5927,0.1845,0.1707,0.0
2723.0832,5.56,59.2094,0.0958,0.0215,2.634,0.0464,4,0.5997,0.1756,0.1751,0.0
2723.2356,5.5759,59.8948,0.0989,0.0304,2.6238,0.1807,4,0.6064,0.1722,0.1646,0.0
2723.388,5.5921,60.915,0.1083,0.0641,2.6135,0.4815,4,0.5168,0.291,0.1103,0.0002
2723.5404,5.5911,61.8936,0.1212,0.0916,2.6044,0.4506,2,0.3861,0.4209,0.0752,0.0141
2723.6928,5.5897,63.5555,0.1288,0.1093,2.5986,0.4104,1,0.0175,0.5987,0.0672,0.1966
2723.8452,5.5883,63.0057,0.1224,0.1016,2.5927,0.4537,1,0.1316,0.502,0.0713,0.182
2723.9976,5.5876,63.4115,0.1069,0.0781,2.5869,0.5402,2,0.0781,0.3891,0.1122,0.3246
2724.15,5.6223,63.963,0.098,0.0509,2.5986,0.6448,2,0.0145,0.3366,0.1664,0.4049
2724.3024,5.6736,61.689,0.092,0.0114,2.6106,0.8938,4,0.6922,0.0159,0.2121,0.0344
2724.4548,5.6548,59.8892,0.0896,0.0069,2.6225,0.9966,4,0.7156,0.0362,0.2075,0.0006
2724.6072,5.6198,60.2947,0.0883,0.0102,2.6174,0.9999,4,0.6816,0.0387,0.2073,0.0288
2724.7596,5.6525,61.7774,0.0888,0.0121,2.6051,0.9999,2,0.2504,0.1629,0.2339,0.3033
2724.912,5.757,62.0881,0.0912,0.0118,2.5928,0.9999,2,0.0108,0.2275,0.2599,0.4483
2725.0644,5.7952,63.5881,0.0965,0.0129,2.5621,0.9999,6,0.0006,0.1481,0.2881,0.5041
2725.2168,5.8652,66.2982,0.1123,0.0131,2.5064,0.9999,6,0.0408,0.0053,0.3394,0.5469
2725.3692,5.9189,77.2965,0.1351,0.007,2.4506,0.9999,2,0.0,0.10665,0.4711,0.4441
2725.5216,5.9957,76.9836,0.1785,0.0003,2.4005,1.0,5,0.0,0.10665,0.587,0.3213
2725.674,6.7466,76.2513,0.2271,0.0,2.3839,1.0,5,0.0,0.10665,0.5941,0.3135
2725.8264,6.8819,75.519,0.2891,0.0,2.3674,1.0,5,0.0,0.10665,0.6047,0.3013
2725.9788,6.7076,74.7866,0.3727,0.0,2.3508,1.0,5,0.0,0.10665,0.6115,0.2934
2726.1312,6.1743,74.0543,0.3649,0.0,2.3505,1.0,5,0.0,0.10665,0.5995,0.3073
2726.2836,6.4255,73.322,0.3415,0.0,2.3528,1.0,5,0.0,0.10665,0.5898,0.3186
2726.436,6.2815,72.5897,0.3006,0.0,2.355,1.0,5,0.0,0.10665,0.5697,0.3418
2726.5884,5.75,71.8574,0.2761,0.0001,2.3834,1.0,5,0.0,0.10665,0.5453,0.364
2726.7408,5.8693,71.125,0.245,0.003,2.4307,0.9997,5,0.0,0.10665,0.5586,0.015
2726.8932,6.004,70.4126,0.1875,0.0001,2.478,1.0,2,0.3563,0.0006,0.4953,0.0684
2727.0456,5.8294,70.3792,0.1473,0.0,2.5227,1.0,2,0.0188,0.0935,0.4482,0.3676
2727.198,5.5618,70.3678,0.1119,0.0,2.5613,1.0,2,0.0,0.0835,0.3981,0.4547
2727.3504,5.5751,70.3563,0.1019,0.0,2.5999,1.0,2,0.0,0.1505,0.3655,0.4254
2727.5028,5.5918,70.3449,0.1001,0.0,2.6373,1.0,2,0.0,0.2352,0.3431,0.3667
2727.6552,5.608,70.3335,0.1013,0.0,2.6082,1.0,2,0.0,0.163,0.3312,0.4527
2727.8076,5.6075,70.3221,0.1124,0.034,2.579,0.1437,2,0.0,0.2085,0.2683,0.4462
2727.96,5.6236,70.3106,0.1264,0.0742,2.5499,0.1443,2,0.0,0.281,0.1993,0.4135
2728.1124,5.6394,70.2992,0.1404,0.0964,2.5326,0.2007,2,0.0,0.341,0.17,0.3653
2728.2648,5.639,70.2878,0.1571,0.1162,2.5194,0.4657,2,0.0,0.4111,0.1476,0.3015
2728.4172,5.6377,70.2866,0.1506,0.132,2.5063,0.5172,2,0.0,0.3956,0.1067,0.3486
2728.5696,5.6365,71.0116,0.1431,0.1208,2.4978,0.422,2,0.0,0.3091,0.1293,0.4201
2728.722,5.6351,71.1521,0.1401,0.1047,2.4951,0.4045,2,0.0,0.2453,0.1646,0.459
2728.8744,5.6338,72.0841,0.136,0.081,2.4923,0.5085,6,0.0,0.1502,0.2207,0.5127
2729.0268,5.6322,71.8173,0.1252,0.0494,2.4915,0.8516,6,0.0723,0.0084,0.2772,0.5483
2729.1792,5.6308,70.551,0.1179,0.043,2.4997,0.9952,6,0.0028,0.0313,0.2877,0.5891
2729.3316,5.6294,70.411,0.1078,0.0456,2.508,1.0,6,0.0,0.0323,0.2775,0.6001
2729.484,5.628,69.5325,0.1044,0.0502,2.5163,1.0,6,0.0,0.0671,0.2624,0.5783
2729.6364,5.6273,69.4231,0.1048,0.0561,2.4963,1.0,6,0.0,0.0317,0.2557,0.6155
2729.7888,5.661,70.4051,0.1079,0.0608,2.4729,1.0,6,0.0,0.0016,0.2628,0.6327
2729.9412,5.6783,72.2863,0.1123,0.0652,2.4495,1.0,6,0.0,0.0,0.278,0.6122
2730.0936,5.6944,76.28,0.1188,0.0622,2.4402,1.0,6,0.0,0.0,0.3206,0.5659
2730.246,5.7135,76.6393,0.1234,0.0586,2.4397,1.0,6,0.0,0.0,0.3377,0.5496
2730.3984,5.8007,76.0239,0.1297,0.055,2.4391,1.0,6,0.0,0.0,0.3506,0.5381
2730.5508,5.9141,76.5132,0.1341,0.0474,2.4455,1.0,6,0.0,0.0,0.3768,0.5154
2730.7032,5.6762,75.769,0.1333,0.0368,2.4658,1.0,6,0.0,0.0,0.392,0.5083
2730.8556,5.6531,73.3543,0.1304,0.0228,2.486,1.0,6,0.0,0.0,0.4101,0.5013
2731.008,5.6861,70.5684,0.1279,0.0141,2.5058,0.9999,2,0.0,0.0198,0.4061,0.4949
2731.1604,5.7038,70.1557,0.1189,0.0167,2.5163,0.9999,6,0.0,0.0309,0.3837,0.5072
2731.3128,5.7539,68.9537,0.1132,0.0215,2.5269,1.0,6,0.0,0.0678,0.3531,0.501
2731.4652,5.7205,67.3333,0.1133,0.0283,2.5375,1.0,2,0.0,0.1345,0.3189,0.4671
2731.6176,5.7367,67.4454,0.1214,0.0327,2.537,1.0,2,0.0,0.1693,0.3106,0.4376
2731.77,5.839,67.6575,0.1339,0.0351,2.5332,1.0,2,0.0053,0.2027,0.3156,0.3907
2731.9224,5.8411,67.7778,0.1487,0.0361,2.5293,1.0,2,0.3495,0.1093,0.3199,0.1339
2732.0748,5.8252,68.6144,0.1654,0.0362,2.5082,1.0,4,0.5625,0.0037,0.3389,0.0043
2732.2272,5.945,73.1065,0.1921,0.033,2.4691,0.9951,2,0.4683,0.0,0.4121,0.0205
2732.3796,6.018,77.2416,0.2284,0.0379,2.43,0.729,2,0.4076,0.0,0.4772,0.0008
2732.532,6.0205,80.2501,0.2425,0.0393,2.3938,0.592,5,0.0,0.10665,0.5272,0.1039
2732.6844,6.141,80.8513,0.268,0.002,2.3687,0.9787,5,0.0,0.10665,0.6497,0.235
2732.8368,6.2549,89.3045,0.3019,0.0,2.3435,1.0,5,0.0,0.10665,0.8054,0.0694
2732.9892,6.7784,87.3347,0.347,0.0,2.3184,1.0,5,0.0,0.10665,0.8025,0.0728
2733.1416,7.54,89.8538,0.3918,0.0,2.3213,1.0,5,0.0,0.10665,0.8418,0.0274
2733.294,7.6883,85.3614,0.3833,0.0,2.3264,1.0,5,0.0,0.10665,0.7708,0.1095
2733.4464,7.0511,85.6705,0.352,0.0,2.3315,1.0,5,0.0,0.10665,0.7659,0.1151
2733.5988,6.7164,86.8686,0.3563,0.0,2.3303,1.0,5,0.0,0.10665,0.7747,0.105
2733.7512,7.0086,83.5202,0.333,0.0002,2.3257,1.0,5,0.0,0.10665,0.7363,0.149
2733.9036,6.4988,87.573,0.2859,0.0171,2.321,0.9999,5,0.0,0.10665,0.7185,0.1494
2734.056,7.0726,88.3178,0.2647,0.0174,2.3294,0.9999,5,0.0,0.0,0.7013,0.169
2734.2084,6.9575,81.8253,0.2337,0.0202,2.3601,1.0,5,0.0,0.0,0.6155,0.2656
2734.3608,6.1849,83.5983,0.1974,0.0211,2.3908,1.0,5,0.0,0.0,0.5713,0.316
2734.5132,5.6189,78.4916,0.1488,0.0283,2.4218,1.0,2,0.0,0.0,0.4609,0.4369
2734.6656,5.5996,74.7206,0.1342,0.0343,2.4555,1.0,6,0.0,0.0,0.3915,0.5114
2734.818,5.5982,71.4992,0.1219,0.0379,2.4892,1.0,6,0.0,0.0028,0.3377,0.5676
2734.9704,5.5968,67.6502,0.1189,0.0457,2.5229,1.0,2,0.0,0.1498,0.2785,0.4814
2735.1228,5.5954,68.3471,0.121,0.0467,2.5264,1.0,2,0.0,0.1587,0.2743,0.4762
2735.2752,5.5936,68.9749,0.1195,0.0474,2.5226,1.0,6,0.0,0.1356,0.2694,0.5044
2735.4276,5.5752,68.5069,0.1137,0.0488,2.5189,1.0,6,0.0,0.1137,0.2526,0.5444
2735.58,5.5732,69.4351,0.1099,0.0539,2.5112,1.0,6,0.0,0.0796,0.2382,0.59
2735.7324,5.5716,69.3115,0.1115,0.0629,2.4999,1.0,6,0.0,0.0766,0.2174,0.6084
2735.8848,5.5707,72.1329,0.1151,0.0669,2.4886,1.0,6,0.0,0.0306,0.2298,0.6359
2736.0372,5.5698,72.7502,0.1205,0.0688,2.4745,1.0,6,0.0,0.0053,0.2388,0.6488
2736.1896,5.6062,74.1335,0.1242,0.0173,2.4516,1.0,2,0.0,0.10665,0.4211,0.4959
2736.342,5.7094,73.6124,0.1371,0.0007,2.4287,1.0,2,0.0,0.10665,0.4684,0.4582
2736.4944,5.7101,73.021,0.1498,0.0,2.4057,1.0,2,0.0,0.10665,0.4857,0.4389
2736.6468,5.7097,72.4297,0.2013,0.0,2.3569,1.0,2,0.0,0.10665,0.4927,0.4307
2736.7992,5.7433,71.8397,0.2689,0.0,2.3071,1.0,5,0.0,0.10665,0.5243,0.3943
2736.9516,7.2282,71.2469,0.3317,0.0,2.2573,1.0,5,0.0,0.10665,0.5561,0.3575
2737.104,8.3853,70.6555,0.3453,0.0,2.278,1.0,5,0.0,0.10665,0.5771,0.3333
2737.2564,8.2075,70.0642,0.3058,0.0,2.3314,1.0,5,0.0,0.10665,0.5777,0.3326
2737.4088,7.404,69.4728,0.2353,0.0,2.3848,1.0,5,0.0,0.10665,0.564,0.3483
2737.5612,6.0395,68.8814,0.1625,0.0014,2.4391,0.9993,5,0.0,0.10665,0.5082,0.4089
2737.7136,5.8641,68.1657,0.1387,0.0001,2.4945,1.0,2,0.0,0.033,0.4671,0.425
2737.866,5.7696,63.1712,0.1038,0.0,2.55,1.0,2,0.0,0.1316,0.384,0.4228
2738.0184,5.6608,62.4832,0.0988,0.0,2.5999,1.0,2,0.0,0.2502,0.3431,0.3517
2738.1708,5.6067,61.1156,0.0913,0.0108,2.6097,0.9999,2,0.0006,0.2933,0.2681,0.3842
2738.3232,5.6211,60.7457,0.0878,0.0154,2.6195,0.9999,2,0.048,0.301,0.226,0.3734
2738.4756,5.6382,60.0081,0.0852,0.0104,2.6293,0.9999,2,0.2504,0.2358,0.2174,0.2512
2738.628,5.6688,59.9087,0.0842,0.0088,2.6312,0.9999,2,0.1483,0.2746,0.224,0.3085
2738.7804,5.5812,60.5857,0.0833,0.0095,2.6316,0.9999,2,0.0055,0.3211,0.2289,0.3984
2738.9328,5.5801,61.1757,0.0832,0.0116,2.632,0.9999,2,0.0017,0.3203,0.2248,0.4055
2739.0852,5.5962,59.8109,0.0833,0.0146,2.6308,0.9999,2,0.2296,0.2542,0.2031,0.2659
2739.2376,5.6127,59.6698,0.0845,0.0148,2.6284,0.9999,2,0.2783,0.2354,0.2031,0.2359
2739.39,5.6114,59.9916,0.0837,0.0136,2.626,0.9999,2,0.1413,0.2731,0.2137,0.324
2739.5424,5.61,60.4143,0.0832,0.0117,2.6248,0.9999,2,0.0149,0.3071,0.2253,0.405
2739.6948,5.6082,60.3637,0.0822,0.0072,2.6268,0.9999,2,0.0003,0.3041,0.236,0.4145
2739.8472,5.5895,60.1489,0.0817,0.0029,2.6289,0.9996,2,0.0,0.3003,0.2452,0.4124
2739.9996,5.5698,59.879,0.0819,0.0001,2.6309,1.0,2,0.0,0.3024,0.2514,0.4058
2740.152,5.5686,60.014,0.0828,0.0,2.6236,1.0,2,0.0164,0.2787,0.2562,0.4076
2740.3044,5.5672,59.3757,0.0839,0.0029,2.6162,0.9997,2,0.3269,0.1561,0.2381,0.2377
2740.4568,5.5658,60.4198,0.0848,0.0071,2.6089,0.9999,2,0.4134,0.101,0.2287,0.2132
2740.6092,5.5648,61.8141,0.0874,0.0168,2.5931,0.9999,2,0.401,0.076,0.2179,0.2534
2740.7616,5.5807,62.964,0.0895,0.0276,2.574,1.0,2,0.4418,0.0271,0.2026,0.2685
2740.914,5.5795,64.4534,0.0959,0.037,2.5549,1.0,2,0.4474,0.001,0.1969,0.2862
2741.0664,5.5781,67.0703,0.1018,0.0569,2.5362,0.7244,6,0.072,0.1297,0.19,0.521
2741.2188,5.5768,69.5614,0.1163,0.0688,2.5181,0.5806,6,0.0019,0.1541,0.2021,0.5408
2741.3712,5.5756,70.7242,0.1293,0.0742,2.4999,0.5274,2,0.0826,0.1168,0.2154,0.4764
2741.5236,5.574,72.3353,0.1462,0.0962,2.4836,0.4186,2,0.0043,0.1956,0.2015,0.4701
2741.676,5.5549,74.0097,0.1492,0.101,2.4771,0.3768,2,0.0,0.1804,0.2062,0.4793
2741.8284,5.5352,72.8572,0.1469,0.1042,2.4706,0.368,2,0.0,0.1779,0.1913,0.4959
2741.9808,5.5159,74.1684,0.1481,0.0946,2.4641,0.3553,6,0.0,0.1216,0.2237,0.5243
2742.1332,5.534,74.2578,0.1413,0.0711,2.4675,0.4133,6,0.0,0.0461,0.2701,0.5694
2742.2856,5.6012,73.3739,0.1342,0.0499,2.4724,0.5369,6,0.0,0.0023,0.3049,0.594
2742.438,5.6019,72.722,0.1282,0.0342,2.4772,0.7242,6,0.0,0.0,0.3315,0.5811
2742.5904,5.601,72.7446,0.1181,0.0239,2.4903,0.9865,6,0.0,0.0,0.3492,0.571
2742.7428,5.5996,70.5099,0.1116,0.0239,2.5089,1.0,6,0.0,0.0005,0.3346,0.5874
2742.8952,5.5996,69.0266,0.1044,0.026,2.5276,1.0,6,0.0,0.0453,0.3174,0.5605
2743.0476,5.5974,67.4525,0.1011,0.027,2.5426,1.0,6,0.0,0.0995,0.3062,0.5183
2743.2,5.5969,67.3994,0.0999,0.0246,2.5498,1.0,6,0.0,0.1122,0.3126,0.5005
2743.3524,5.6144,67.1368,0.0985,0.0228,2.557,1.0,2,0.0,0.127,0.3162,0.4834
2743.5048,5.6639,65.5644,0.0992,0.0224,2.5625,1.0,2,0.0,0.1573,0.3109,0.4596
2743.6572,5.6286,70.7251,0.1015,0.0172,2.5174,0.9999,6,0.0,0.0059,0.3594,0.56
2743.8096,5.5752,74.6448,0.1103,0.0161,2.4723,0.9999,6,0.0,0.0,0.3981,0.522
2743.962,5.5721,75.1982,0.1343,0.013,2.4271,0.9999,2,0.0,0.0,0.4398,0.4767
2744.1144,5.5897,75.471,0.1525,0.0309,2.3944,1.0,2,0.0,0.0,0.4414,0.457
2744.2668,5.6588,75.7414,0.1578,0.0525,2.3658,1.0,2,0.0,0.0,0.4191,0.4612
2744.4192,5.7121,76.0111,0.1538,0.0754,2.3373,1.0,2,0.0,0.0,0.3768,0.4875
2744.5716,5.5371,76.2822,0.1508,0.0861,2.3274,1.0,6,0.0,0.0,0.3497,0.5081
2744.724,5.5643,76.5526,0.1605,0.083,2.3386,1.0,6,0.0,0.0,0.3577,0.502
2744.8764,5.5817,76.823,0.1641,0.0781,2.3498,1.0,2,0.0,0.0,0.3675,0.4956
2745.0288,5.6175,77.0934,0.1703,0.0703,2.3631,1.0,2,0.0,0.0,0.3875,0.4801
2745.1812,5.6877,77.3637,0.1841,0.0549,2.3856,1.0,2,0.0,0.0,0.4334,0.4423
2745.3336,5.8108,77.6341,0.1805,0.0415,2.4081,1.0,2,0.0,0.0,0.456,0.4294
2745.486,5.8789,77.8669,0.1765,0.0273,2.4305,1.0,2,0.0,0.0,0.4793,0.4166
2745.6384,5.7919,76.7807,0.1646,0.0454,2.4061,1.0,2,0.0,0.0,0.42,0.4673
2745.7908,5.666,77.3028,0.1528,0.0671,2.377,0.9996,6,0.0,0.0,0.3589,0.5165
2745.9432,5.5908,81.0123,0.1466,0.0839,2.3479,0.967,6,0.0,0.0,0.342,0.5193
2746.0956,5.5345,86.469,0.1411,0.1088,2.3319,0.8707,6,0.0,0.0,0.3174,0.523
2746.248,5.4786,90.1276,0.1379,0.129,2.3237,0.8453,6,0.0,0.0,0.2919,0.5324
2746.4004,5.406,89.9878,0.1395,0.1354,2.3155,0.9014,6,0.0,0.0,0.2802,0.5395
2746.5528,5.496,89.305,0.1386,0.1282,2.3137,0.9659,6,0.0,0.0,0.2938,0.531
2746.7052,5.6507,89.2439,0.1442,0.1069,2.3238,0.9982,2,0.0,0.0,0.3487,0.4885
2746.8576,5.6365,87.7113,0.142,0.0933,2.3339,0.9918,2,0.0,0.0,0.3655,0.4826
2747.01,5.6342,85.8258,0.1352,0.0766,2.3455,0.9996,2,0.0,0.0,0.3848,0.477
2747.1624,5.6156,82.5917,0.1252,0.0653,2.3778,1.0,6,0.0,0.0,0.3746,0.5001
2747.3148,5.6137,80.9466,0.1143,0.054,2.4101,1.0,6,0.0,0.0,0.3695,0.5173
2747.4672,5.6118,79.6055,0.1075,0.0418,2.4424,1.0,6,0.0,0.0,0.3706,0.5282
2747.6196,5.6112,75.5771,0.1051,0.0387,2.4635,1.0,6,0.0,0.0,0.3417,0.5649
2747.772,5.6278,70.524,0.1082,0.0397,2.4815,1.0,6,0.0,0.0,0.3003,0.6119
2747.9244,5.6446,70.1,0.11,0.0359,2.4995,1.0,6,0.0,0.0,0.301,0.6149
2748.0768,5.6615,70.2383,0.1123,0.0347,2.4999,1.0,6,0.0,0.0,0.3064,0.6099
2748.2292,5.6777,72.8056,0.1283,0.0018,2.483,1.0,2,0.0,0.10665,0.458,0.469
2748.3816,5.6767,72.6112,0.1575,0.0,2.466,1.0,2,0.0,0.10665,0.4734,0.4531
2748.534,5.6748,75.2079,0.2357,0.0,2.4517,1.0,5,0.0,0.10665,0.5343,0.3827
2748.6864,5.6739,76.9845,0.3368,0.0,2.4461,1.0,5,0.0,0.10665,0.5877,0.3211
2748.8388,5.6724,77.5083,0.3426,0.0,2.4405,1.0,5,0.0,0.10665,0.6269,0.2757
2748.9912,5.6537,77.3738,0.2984,0.0,2.4349,1.0,5,0.0,0.10665,0.6194,0.2845
2749.1436,5.6519,76.3005,0.2348,0.0,2.4629,1.0,5,0.0,0.10665,0.5864,0.3226
2749.296,5.6499,74.0401,0.1708,0.0,2.493,1.0,5,0.0,0.10665,0.5243,0.3943
2749.4484,5.6131,68.7353,0.141,0.0519,2.523,1.0,2,0.0,0.10665,0.299,0.3736
2749.6008,5.5747,68.0215,0.1249,0.062,2.5368,1.0,2,0.0,0.2448,0.2377,0.4174
2749.7532,5.5914,66.6631,0.1079,0.0663,2.5422,1.0,2,0.0,0.23,0.1931,0.4796
2749.9056,5.5906,65.0743,0.1083,0.0677,2.5476,1.0,2,0.0,0.2686,0.1753,0.4603
2750.058,5.5894,66.5137,0.1128,0.0664,2.5456,1.0,2,0.0,0.2551,0.19,0.4581
2750.2104,5.5881,69.3634,0.1249,0.0655,2.5318,1.0,2,0.0,0.219,0.2237,0.4559
2750.3628,5.5867,70.4413,0.1337,0.0672,2.518,1.0,2,0.0019,0.1994,0.2372,0.4563
2750.5152,5.5853,70.4955,0.1379,0.0714,2.5055,1.0,2,0.1697,0.1263,0.2304,0.3652
2750.6676,5.5837,72.0436,0.1546,0.0806,2.5059,1.0,2,0.0351,0.2387,0.2432,0.3634
2750.82,5.5823,72.4642,0.1611,0.0872,2.5063,1.0,2,0.001,0.2899,0.2482,0.3338
2750.9724,5.5814,71.2823,0.1549,0.0963,2.5066,1.0,2,0.0,0.3116,0.2221,0.3345
2751.1248,5.5991,70.2962,0.1383,0.081,2.5292,1.0,2,0.0,0.2924,0.2345,0.3544
2751.2772,5.6676,67.0798,0.1136,0.062,2.5567,1.0,2,0.0,0.2778,0.232,0.3911
2751.4296,5.6655,65.7895,0.0992,0.037,2.5841,1.0,2,0.0,0.2579,0.263,0.4
2751.582,5.6124,62.6778,0.0898,0.0251,2.6037,1.0,2,0.0,0.2893,0.2554,0.3892
2751.7344,5.6109,61.0487,0.0855,0.0221,2.6166,1.0,2,0.0,0.3241,0.2415,0.3736
2751.8868,5.6266,60.2084,0.0838,0.0198,2.6294,0.9999,2,0.0,0.3574,0.2309,0.355
2752.0392,5.6258,59.2396,0.083,0.0183,2.6386,0.9999,2,0.0,0.3862,0.2181,0.3424
2752.1916,5.6258,58.782,0.0822,0.0191,2.6369,0.9999,2,0.0,0.3856,0.204,0.3585
2752.344,5.6244,59.3853,0.0819,0.0155,2.6351,0.9999,2,0.0,0.3618,0.2127,0.376
2752.4964,5.623,59.6152,0.082,0.0109,2.6334,0.9999,2,0.0,0.3413,0.2236,0.3884
2752.6488,5.6214,60.0591,0.0822,0.0124,2.6134,0.9999,2,0.0154,0.2795,0.2284,0.4277
2752.8012,5.6201,60.9756,0.083,0.0132,2.593,0.9999,2,0.0213,0.2134,0.2394,0.4744
2752.9536,5.6187,63.5338,0.0842,0.0124,2.5725,0.9999,6,0.0009,0.1333,0.2647,0.5464
2753.106,5.6197,65.1778,0.086,0.0152,2.5547,0.9999,6,0.0,0.0776,0.2782,0.5844
2753.2584,5.7062,66.437,0.0928,0.0194,2.5381,0.9999,6,0.0,0.0485,0.2904,0.5952
2753.4108,5.7734,67.9648,0.0965,0.0243,2.5214,1.0,6,0.0,0.0085,0.2968,0.6229
2753.5632,5.7221,69.8905,0.1061,0.0327,2.5033,1.0,6,0.0,0.0003,0.3013,0.6174
2753.7156,5.6665,71.2467,0.1112,0.044,2.4832,1.0,6,0.0,0.0,0.2932,0.6159
2753.868,5.6125,72.2137,0.1136,0.0564,2.4631,1.0,6,0.0,0.0,0.2749,0.6246
2754.0204,5.6091,75.9046,0.1195,0.0653,2.4428,1.0,6,0.0,0.0,0.2879,0.6007
2754.1728,5.6255,77.58,0.1296,0.0776,2.4216,1.0,6,0.0,0.0,0.2902,0.5858
2754.3252,5.6431,80.4715,0.1455,0.0851,2.4005,1.0,6,0.0,0.0,0.3193,0.5445
2754.4776,5.6762,81.6053,0.1589,0.0937,2.3793,1.0,6,0.0,0.0,0.3316,0.5216
2754.63,5.6063,82.6092,0.163,0.0918,2.3797,1.0,2,0.0,0.0,0.3537,0.4979
2754.7824,5.6024,84.3791,0.1656,0.0895,2.3837,1.0,2,0.0,0.0,0.3754,0.4749
2754.9348,5.601,83.1162,0.1643,0.0905,2.3878,1.0,2,0.0,0.0,0.3662,0.4846
2755.0872,5.5999,81.317,0.1694,0.0887,2.3905,1.0,2,0.0,0.0,0.3651,0.4877
2755.2396,5.5985,80.4704,0.1785,0.0828,2.3921,1.0,2,0.0,0.0,0.3854,0.47
2755.392,5.5971,83.4231,0.1756,0.0727,2.3938,1.0,2,0.0,0.0,0.4322,0.4259
2755.5444,5.5959,80.8136,0.1663,0.0687,2.3942,1.0,2,0.0,0.0,0.4229,0.4407
2755.6968,5.6121,80.9329,0.1577,0.0639,2.3915,1.0,2,0.0,0.0,0.4319,0.435
2755.8492,5.6291,79.9104,0.1518,0.0633,2.3889,1.0,2,0.0,0.0,0.4207,0.4487
2756.0016,5.6462,81.5978,0.1429,0.062,2.3859,1.0,2,0.0,0.0,0.4233,0.4469
2756.154,5.6961,83.3051,0.1411,0.0695,2.3589,1.0,2,0.0,0.0,0.3996,0.467
2756.3064,5.6598,85.9343,0.1362,0.0947,2.3319,0.7986,6,0.0,0.0,0.3454,0.5046
2756.4588,5.5699,86.8709,0.1346,0.1533,2.3049,0.5447,6,0.0,0.0,0.2136,0.5988
2756.6112,5.5171,90.4964,0.138,0.1759,2.2925,0.4682,6,0.0,0.0,0.1898,0.6039
2756.7636,5.5662,91.3555,0.1451,0.1971,2.2855,0.427,6,0.0,0.0,0.1526,0.6259
2756.916,5.6178,92.1677,0.1504,0.2062,2.2785,0.4038,6,0.0,0.0,0.1439,0.6268
2757.0684,5.6007,93.0165,0.1522,0.2097,2.2755,0.4092,6,0.0,0.0,0.1443,0.6229
2757.2208,5.5988,93.3539,0.1609,0.2137,2.2772,0.4333,6,0.0,0.0,0.1441,0.6191
2757.3732,5.6158,92.6192,0.1587,0.2163,2.2789,0.4672,6,0.0,0.0,0.1299,0.633
2757.5256,5.6499,92.4741,0.153,0.2224,2.2787,0.4949,6,0.0,0.0,0.1082,0.6521
2757.678,5.6844,93.669,0.1489,0.2305,2.2693,0.5116,6,0.0,0.0,0.095,0.6593
2757.8304,5.7002,93.7523,0.1421,0.238,2.2598,0.5318,6,0.0,0.0,0.0741,0.676
2757.9828,5.6806,94.2963,0.137,0.2456,2.2504,0.5466,6,0.0,0.0,0.0578,0.6874
2758.1352,5.557,96.0509,0.1329,0.2485,2.2474,0.5089,6,0.0,0.0,0.0594,0.6826
2758.2876,5.5357,97.2999,0.1336,0.2456,2.2453,0.4672,6,0.0,0.0,0.0773,0.6648
2758.44,5.5512,96.5531,0.1424,0.2431,2.2431,0.4243,6,0.0,0.0,0.0886,0.6541
2758.5924,5.5504,96.5652,0.1481,0.2403,2.243,0.3758,6,0.0,0.0,0.1017,0.6418
2758.7448,5.5665,96.9655,0.1509,0.2398,2.2443,0.3208,6,0.0,0.0,0.108,0.6349
2758.8972,5.5835,96.6051,0.1523,0.2436,2.2455,0.2627,6,0.0,0.0,0.0967,0.6442
2759.0496,5.6169,96.1253,0.1455,0.2459,2.2474,0.2138,6,0.0,0.0,0.0799,0.6614
2759.202,5.6167,95.8462,0.1458,0.248,2.2509,0.177,6,0.0,0.0,0.0711,0.6695
2759.3544,5.6154,95.564,0.1418,0.2477,2.2544,0.1364,6,0.0,0.0,0.0642,0.6778
2759.5068,5.6142,94.9009,0.14,0.2445,2.2576,0.0864,6,0.0,0.0,0.0647,0.6804
2759.6592,5.6128,95.2449,0.1389,0.2411,2.2563,0.0677,6,0.0,0.0,0.0747,0.6723
2759.8116,5.611,95.066,0.1354,0.2366,2.2549,0.0506,6,0.0,0.0,0.0821,0.6681
2759.964,5.5917,94.3629,0.1399,0.2361,2.2535,0.0333,6,0.0,0.0,0.0836,0.6669
2760.1164,5.5557,95.3377,0.1319,0.2356,2.2545,0.0388,6,0.0,0.0,0.0832,0.6679
2760.2688,5.5708,95.586,0.1366,0.2316,2.2562,0.0438,6,0.0,0.0,0.0984,0.6542
2760.4212,5.5698,94.7113,0.1304,0.236,2.2578,0.0644,6,0.0,0.0,0.075,0.677
2760.5736,5.5689,94.7206,0.1318,0.2392,2.2625,0.0712,6,0.0,0.0,0.0657,0.6846
2760.726,5.5849,93.5421,0.1326,0.2373,2.2704,0.0717,6,0.0,0.0,0.06,0.6931
2760.8784,5.584,93.3901,0.1395,0.2331,2.2782,0.0638,6,0.0,0.0,0.0724,0.6829
2761.0308,5.583,92.0659,0.1389,0.2213,2.2841,0.0547,6,0.0,0.0,0.0907,0.6735
2761.1832,5.5987,92.8771,0.1347,0.2126,2.2822,0.0405,6,0.0,0.0,0.1144,0.6547
2761.3356,5.5977,92.0659,0.1317,0.2027,2.2803,0.0285,6,0.0,0.0,0.132,0.6441
2761.488,5.593,92.2222,0.1308,0.1945,2.2784,0.013,6,0.0,0.0,0.1537,0.6272
2761.6404,5.4874,92.9576,0.1303,0.197,2.2718,0.0205,6,0.0,0.0,0.1548,0.6234
2761.7928,5.5729,92.5746,0.1298,0.2038,2.2648,0.0373,6,0.0,0.0,0.1379,0.6363
2761.9452,5.5743,95.3656,0.1236,0.2278,2.2578,0.0618,6,0.0,0.0,0.092,0.6655
2762.0976,5.5719,95.1091,0.1158,0.2343,2.2647,0.0682,6,0.0,0.0,0.063,0.6927
2762.25,5.5023,93.0406,0.1154,0.2285,2.2794,0.059,6,0.0,0.0,0.0565,0.7059
2762.4024,5.5167,91.5529,0.1178,0.2089,2.2941,0.0287,6,0.0,0.0,0.0913,0.6851
2762.5548,5.5852,90.005,0.1151,0.1954,2.3082,0.0377,6,0.0,0.0,0.1061,0.6815
2762.7072,5.603,89.2797,0.1139,0.1826,2.3212,0.0874,6,0.0,0.0,0.1258,0.6715
2762.8596,5.6023,85.2722,0.1145,0.1706,2.3342,0.1468,6,0.0,0.0,0.1246,0.6849
2763.012,5.6014,85.6014,0.1172,0.1558,2.3451,0.1856,6,0.0,0.0,0.1619,0.6565
2763.1644,5.6154,86.4575,0.117,0.1639,2.3313,0.2367,6,0.0,0.0,0.1528,0.6589
2763.3168,5.5447,87.6245,0.1151,0.1767,2.3176,0.277,6,0.0,0.0,0.1325,0.6696
2763.4692,5.5425,87.8268,0.119,0.1899,2.3038,0.3069,6,0.0,0.0,0.1111,0.6812
2763.6216,5.5413,90.2147,0.1243,0.1995,2.295,0.2772,6,0.0,0.0,0.1121,0.6704
2763.774,5.5571,90.308,0.1307,0.2076,2.2876,0.2454,6,0.0,0.0,0.1028,0.6731
